﻿<?xml version="1.0" encoding="utf-8"?>
<abapGit version="v1.0.0" serializer="LCL_OBJECT_TABL" serializer_version="v1.0.0">
 <asx:abap xmlns:asx="http://www.sap.com/abapxml" version="1.0">
  <asx:values>
   <DD02V>
    <TABNAME>ZFM_GENERIC_DEEP_S</TABNAME>
    <DDLANGUAGE>E</DDLANGUAGE>
    <TABCLASS>INTTAB</TABCLASS>
    <DDTEXT>FM handler generic DEEP entity</DDTEXT>
   </DD02V>
   <DD03P_TABLE>
    <DD03P>
     <TABNAME>ZFM_GENERIC_DEEP_S</TABNAME>
     <FIELDNAME>FM_NAME</FIELDNAME>
     <DDLANGUAGE>E</DDLANGUAGE>
     <POSITION>0001</POSITION>
     <ADMINFIELD>0</ADMINFIELD>
     <INTTYPE>g</INTTYPE>
     <INTLEN>000008</INTLEN>
     <DATATYPE>STRG</DATATYPE>
     <MASK>  STRG</MASK>
     <DDTEXT>Unique name of the FM</DDTEXT>
    </DD03P>
    <DD03P>
     <TABNAME>ZFM_GENERIC_DEEP_S</TABNAME>
     <FIELDNAME>SKIP</FIELDNAME>
     <DDLANGUAGE>E</DDLANGUAGE>
     <POSITION>0002</POSITION>
     <ADMINFIELD>0</ADMINFIELD>
     <INTTYPE>X</INTTYPE>
     <INTLEN>000004</INTLEN>
     <DATATYPE>INT4</DATATYPE>
     <LENG>000010</LENG>
     <MASK>  INT4</MASK>
     <DDTEXT>Skip first rows</DDTEXT>
    </DD03P>
    <DD03P>
     <TABNAME>ZFM_GENERIC_DEEP_S</TABNAME>
     <FIELDNAME>TOP</FIELDNAME>
     <DDLANGUAGE>E</DDLANGUAGE>
     <POSITION>0003</POSITION>
     <ADMINFIELD>0</ADMINFIELD>
     <INTTYPE>X</INTTYPE>
     <INTLEN>000004</INTLEN>
     <DATATYPE>INT4</DATATYPE>
     <LENG>000010</LENG>
     <MASK>  INT4</MASK>
     <DDTEXT>Select top rows</DDTEXT>
    </DD03P>
    <DD03P>
     <TABNAME>ZFM_GENERIC_DEEP_S</TABNAME>
     <FIELDNAME>DB_CONNECTION</FIELDNAME>
     <DDLANGUAGE>E</DDLANGUAGE>
     <POSITION>0004</POSITION>
     <ADMINFIELD>0</ADMINFIELD>
     <INTTYPE>g</INTTYPE>
     <INTLEN>000008</INTLEN>
     <DATATYPE>STRG</DATATYPE>
     <MASK>  STRG</MASK>
     <DDTEXT>DB connection</DDTEXT>
    </DD03P>
    <DD03P>
     <TABNAME>ZFM_GENERIC_DEEP_S</TABNAME>
     <FIELDNAME>RFC_DESTINATION</FIELDNAME>
     <DDLANGUAGE>E</DDLANGUAGE>
     <POSITION>0005</POSITION>
     <ADMINFIELD>0</ADMINFIELD>
     <INTTYPE>g</INTTYPE>
     <INTLEN>000008</INTLEN>
     <DATATYPE>STRG</DATATYPE>
     <MASK>  STRG</MASK>
     <DDTEXT>RFC destination</DDTEXT>
    </DD03P>
    <DD03P>
     <TABNAME>ZFM_GENERIC_DEEP_S</TABNAME>
     <FIELDNAME>REQUEST_MORE</FIELDNAME>
     <DDLANGUAGE>E</DDLANGUAGE>
     <POSITION>0006</POSITION>
     <ADMINFIELD>0</ADMINFIELD>
     <INTTYPE>C</INTTYPE>
     <INTLEN>000002</INTLEN>
     <DATATYPE>CHAR</DATATYPE>
     <LENG>000001</LENG>
     <MASK>  CHAR</MASK>
     <DDTEXT>Request more data from FM</DDTEXT>
    </DD03P>
    <DD03P>
     <TABNAME>ZFM_GENERIC_DEEP_S</TABNAME>
     <FIELDNAME>TOSELOPTPROPERTY</FIELDNAME>
     <POSITION>0007</POSITION>
     <ROLLNAME>ZRNDIC_DEEP_PROP_SEL_OPT_TT</ROLLNAME>
     <ADMINFIELD>0</ADMINFIELD>
     <DATATYPE>TTYP</DATATYPE>
     <MASK>  TTYPL</MASK>
     <COMPTYPE>L</COMPTYPE>
    </DD03P>
    <DD03P>
     <TABNAME>ZFM_GENERIC_DEEP_S</TABNAME>
     <FIELDNAME>TOSINGLEFIELD</FIELDNAME>
     <POSITION>0008</POSITION>
     <ROLLNAME>ZSELECT_GENERIC_NAME_VALUE_TT</ROLLNAME>
     <ADMINFIELD>0</ADMINFIELD>
     <DATATYPE>TTYP</DATATYPE>
     <MASK>  TTYPL</MASK>
     <COMPTYPE>L</COMPTYPE>
    </DD03P>
    <DD03P>
     <TABNAME>ZFM_GENERIC_DEEP_S</TABNAME>
     <FIELDNAME>TOTABLE</FIELDNAME>
     <POSITION>0009</POSITION>
     <ROLLNAME>ZRNDIC_DEEP_TABLE_TT</ROLLNAME>
     <ADMINFIELD>0</ADMINFIELD>
     <DATATYPE>TTYP</DATATYPE>
     <MASK>  TTYPL</MASK>
     <COMPTYPE>L</COMPTYPE>
    </DD03P>
    <DD03P>
     <TABNAME>ZFM_GENERIC_DEEP_S</TABNAME>
     <FIELDNAME>TORESULT</FIELDNAME>
     <POSITION>0010</POSITION>
     <ROLLNAME>ZSELECT_GENERIC_NAME_VALUE_TT</ROLLNAME>
     <ADMINFIELD>0</ADMINFIELD>
     <DATATYPE>TTYP</DATATYPE>
     <MASK>  TTYPL</MASK>
     <COMPTYPE>L</COMPTYPE>
    </DD03P>
   </DD03P_TABLE>
  </asx:values>
 </asx:abap>
</abapGit>
