﻿<?xml version="1.0" encoding="utf-8"?>
<abapGit version="v1.0.0" serializer="LCL_OBJECT_CLAS" serializer_version="v1.0.0">
 <asx:abap xmlns:asx="http://www.sap.com/abapxml" version="1.0">
  <asx:values>
   <VSEOCLASS>
    <CLSNAME>ZCL_SELECT_SINGLE_DPC</CLSNAME>
    <LANGU>E</LANGU>
    <DESCRIPT>Data Provider Base Class</DESCRIPT>
    <STATE>1</STATE>
    <CLSCCINCL>X</CLSCCINCL>
    <FIXPT>X</FIXPT>
    <UNICODE>X</UNICODE>
   </VSEOCLASS>
   <DESCRIPTIONS>
    <SEOCOMPOTX>
     <CLSNAME>ZCL_SELECT_SINGLE_DPC</CLSNAME>
     <CMPNAME>SELECTSINGLESET_CREATE_ENTITY</CMPNAME>
     <LANGU>E</LANGU>
     <DESCRIPT>Related EntitySet Name: SelectSingleSet</DESCRIPT>
    </SEOCOMPOTX>
    <SEOCOMPOTX>
     <CLSNAME>ZCL_SELECT_SINGLE_DPC</CLSNAME>
     <CMPNAME>SELECTSINGLESET_DELETE_ENTITY</CMPNAME>
     <LANGU>E</LANGU>
     <DESCRIPT>Related EntitySet Name: SelectSingleSet</DESCRIPT>
    </SEOCOMPOTX>
    <SEOCOMPOTX>
     <CLSNAME>ZCL_SELECT_SINGLE_DPC</CLSNAME>
     <CMPNAME>SELECTSINGLESET_GET_ENTITY</CMPNAME>
     <LANGU>E</LANGU>
     <DESCRIPT>Related EntitySet Name: SelectSingleSet</DESCRIPT>
    </SEOCOMPOTX>
    <SEOCOMPOTX>
     <CLSNAME>ZCL_SELECT_SINGLE_DPC</CLSNAME>
     <CMPNAME>SELECTSINGLESET_GET_ENTITYSET</CMPNAME>
     <LANGU>E</LANGU>
     <DESCRIPT>Related EntitySet Name: SelectSingleSet</DESCRIPT>
    </SEOCOMPOTX>
    <SEOCOMPOTX>
     <CLSNAME>ZCL_SELECT_SINGLE_DPC</CLSNAME>
     <CMPNAME>SELECTSINGLESET_UPDATE_ENTITY</CMPNAME>
     <LANGU>E</LANGU>
     <DESCRIPT>Related EntitySet Name: SelectSingleSet</DESCRIPT>
    </SEOCOMPOTX>
   </DESCRIPTIONS>
  </asx:values>
 </asx:abap>
</abapGit>
