﻿<?xml version="1.0" encoding="utf-8"?>
<abapGit version="v1.0.0" serializer="LCL_OBJECT_CLAS" serializer_version="v1.0.0">
 <asx:abap xmlns:asx="http://www.sap.com/abapxml" version="1.0">
  <asx:values>
   <VSEOCLASS>
    <CLSNAME>ZCL_ZRNDIC_MB5B_FM_MPC_EXT</CLSNAME>
    <LANGU>E</LANGU>
    <DESCRIPT>ZCL_ZRNDIC_MB5B_FM_MPC_EXT</DESCRIPT>
    <STATE>1</STATE>
    <FIXPT>X</FIXPT>
    <UNICODE>X</UNICODE>
   </VSEOCLASS>
   <DESCRIPTIONS>
    <SEOCOMPOTX>
     <CLSNAME>ZCL_ZRNDIC_MB5B_FM_MPC_EXT</CLSNAME>
     <CMPNAME>TS_HEADER_DEEP_ENTITY</CMPNAME>
     <LANGU>E</LANGU>
     <DESCRIPT>oData select deep entity structure</DESCRIPT>
    </SEOCOMPOTX>
   </DESCRIPTIONS>
  </asx:values>
 </asx:abap>
</abapGit>
