﻿<?xml version="1.0" encoding="utf-8"?>
<abapGit version="v1.0.0" serializer="LCL_OBJECT_CLAS" serializer_version="v1.0.0">
 <asx:abap xmlns:asx="http://www.sap.com/abapxml" version="1.0">
  <asx:values>
   <VSEOCLASS>
    <CLSNAME>ZCL_ZRNDIC_MB5B_SELECT_MPC</CLSNAME>
    <LANGU>E</LANGU>
    <DESCRIPT>ZCL_ZRNDIC_MB5B_SELECT_MPC</DESCRIPT>
    <STATE>1</STATE>
    <FIXPT>X</FIXPT>
    <UNICODE>X</UNICODE>
   </VSEOCLASS>
   <DESCRIPTIONS>
    <SEOCOMPOTX>
     <CLSNAME>ZCL_ZRNDIC_MB5B_SELECT_MPC</CLSNAME>
     <CMPNAME>DEFINE_ADDTABLE</CMPNAME>
     <LANGU>E</LANGU>
     <DESCRIPT>DEFINE_ADDTABLE</DESCRIPT>
    </SEOCOMPOTX>
    <SEOCOMPOTX>
     <CLSNAME>ZCL_ZRNDIC_MB5B_SELECT_MPC</CLSNAME>
     <CMPNAME>DEFINE_ADDTABLECONTENT</CMPNAME>
     <LANGU>E</LANGU>
     <DESCRIPT>DEFINE_ADDTABLECONTENT</DESCRIPT>
    </SEOCOMPOTX>
    <SEOCOMPOTX>
     <CLSNAME>ZCL_ZRNDIC_MB5B_SELECT_MPC</CLSNAME>
     <CMPNAME>DEFINE_ASSOCIATIONS</CMPNAME>
     <LANGU>E</LANGU>
     <DESCRIPT>DEFINE_ASSOCIATIONS</DESCRIPT>
    </SEOCOMPOTX>
    <SEOCOMPOTX>
     <CLSNAME>ZCL_ZRNDIC_MB5B_SELECT_MPC</CLSNAME>
     <CMPNAME>DEFINE_SELECTBODY</CMPNAME>
     <LANGU>E</LANGU>
     <DESCRIPT>DEFINE_SELECTBODY</DESCRIPT>
    </SEOCOMPOTX>
    <SEOCOMPOTX>
     <CLSNAME>ZCL_ZRNDIC_MB5B_SELECT_MPC</CLSNAME>
     <CMPNAME>DEFINE_SELECTHEADER</CMPNAME>
     <LANGU>E</LANGU>
     <DESCRIPT>DEFINE_SELECTHEADER</DESCRIPT>
    </SEOCOMPOTX>
    <SEOCOMPOTX>
     <CLSNAME>ZCL_ZRNDIC_MB5B_SELECT_MPC</CLSNAME>
     <CMPNAME>DEFINE_SELOPTIONS</CMPNAME>
     <LANGU>E</LANGU>
     <DESCRIPT>DEFINE_SELOPTIONS</DESCRIPT>
    </SEOCOMPOTX>
    <SEOCOMPOTX>
     <CLSNAME>ZCL_ZRNDIC_MB5B_SELECT_MPC</CLSNAME>
     <CMPNAME>DEFINE_SELOPTPROPERTY</CMPNAME>
     <LANGU>E</LANGU>
     <DESCRIPT>DEFINE_SELOPTPROPERTY</DESCRIPT>
    </SEOCOMPOTX>
    <SEOCOMPOTX>
     <CLSNAME>ZCL_ZRNDIC_MB5B_SELECT_MPC</CLSNAME>
     <CMPNAME>LOAD_TEXT_ELEMENTS</CMPNAME>
     <LANGU>E</LANGU>
     <DESCRIPT>LOAD_TEXT_ELEMENTS</DESCRIPT>
    </SEOCOMPOTX>
   </DESCRIPTIONS>
  </asx:values>
 </asx:abap>
</abapGit>
