﻿<?xml version="1.0" encoding="utf-8"?>
<abapGit version="v1.0.0" serializer="LCL_OBJECT_CLAS" serializer_version="v1.0.0">
 <asx:abap xmlns:asx="http://www.sap.com/abapxml" version="1.0">
  <asx:values>
   <VSEOCLASS>
    <CLSNAME>ZCL_ZRNDIC_MB5B_FM_DPC</CLSNAME>
    <LANGU>E</LANGU>
    <DESCRIPT>Data Provider Base Class</DESCRIPT>
    <STATE>1</STATE>
    <CLSCCINCL>X</CLSCCINCL>
    <FIXPT>X</FIXPT>
    <UNICODE>X</UNICODE>
   </VSEOCLASS>
   <DESCRIPTIONS>
    <SEOCOMPOTX>
     <CLSNAME>ZCL_ZRNDIC_MB5B_FM_DPC</CLSNAME>
     <CMPNAME>HEADERSET_CREATE_ENTITY</CMPNAME>
     <LANGU>E</LANGU>
     <DESCRIPT>Related EntitySet Name: HeaderSet</DESCRIPT>
    </SEOCOMPOTX>
    <SEOCOMPOTX>
     <CLSNAME>ZCL_ZRNDIC_MB5B_FM_DPC</CLSNAME>
     <CMPNAME>HEADERSET_DELETE_ENTITY</CMPNAME>
     <LANGU>E</LANGU>
     <DESCRIPT>Related EntitySet Name: HeaderSet</DESCRIPT>
    </SEOCOMPOTX>
    <SEOCOMPOTX>
     <CLSNAME>ZCL_ZRNDIC_MB5B_FM_DPC</CLSNAME>
     <CMPNAME>HEADERSET_GET_ENTITY</CMPNAME>
     <LANGU>E</LANGU>
     <DESCRIPT>Related EntitySet Name: HeaderSet</DESCRIPT>
    </SEOCOMPOTX>
    <SEOCOMPOTX>
     <CLSNAME>ZCL_ZRNDIC_MB5B_FM_DPC</CLSNAME>
     <CMPNAME>HEADERSET_GET_ENTITYSET</CMPNAME>
     <LANGU>E</LANGU>
     <DESCRIPT>Related EntitySet Name: HeaderSet</DESCRIPT>
    </SEOCOMPOTX>
    <SEOCOMPOTX>
     <CLSNAME>ZCL_ZRNDIC_MB5B_FM_DPC</CLSNAME>
     <CMPNAME>HEADERSET_UPDATE_ENTITY</CMPNAME>
     <LANGU>E</LANGU>
     <DESCRIPT>Related EntitySet Name: HeaderSet</DESCRIPT>
    </SEOCOMPOTX>
    <SEOCOMPOTX>
     <CLSNAME>ZCL_ZRNDIC_MB5B_FM_DPC</CLSNAME>
     <CMPNAME>RESULTSET_CREATE_ENTITY</CMPNAME>
     <LANGU>E</LANGU>
     <DESCRIPT>Related EntitySet Name: ResultSet</DESCRIPT>
    </SEOCOMPOTX>
    <SEOCOMPOTX>
     <CLSNAME>ZCL_ZRNDIC_MB5B_FM_DPC</CLSNAME>
     <CMPNAME>RESULTSET_DELETE_ENTITY</CMPNAME>
     <LANGU>E</LANGU>
     <DESCRIPT>Related EntitySet Name: ResultSet</DESCRIPT>
    </SEOCOMPOTX>
    <SEOCOMPOTX>
     <CLSNAME>ZCL_ZRNDIC_MB5B_FM_DPC</CLSNAME>
     <CMPNAME>RESULTSET_GET_ENTITY</CMPNAME>
     <LANGU>E</LANGU>
     <DESCRIPT>Related EntitySet Name: ResultSet</DESCRIPT>
    </SEOCOMPOTX>
    <SEOCOMPOTX>
     <CLSNAME>ZCL_ZRNDIC_MB5B_FM_DPC</CLSNAME>
     <CMPNAME>RESULTSET_GET_ENTITYSET</CMPNAME>
     <LANGU>E</LANGU>
     <DESCRIPT>Related EntitySet Name: ResultSet</DESCRIPT>
    </SEOCOMPOTX>
    <SEOCOMPOTX>
     <CLSNAME>ZCL_ZRNDIC_MB5B_FM_DPC</CLSNAME>
     <CMPNAME>RESULTSET_UPDATE_ENTITY</CMPNAME>
     <LANGU>E</LANGU>
     <DESCRIPT>Related EntitySet Name: ResultSet</DESCRIPT>
    </SEOCOMPOTX>
    <SEOCOMPOTX>
     <CLSNAME>ZCL_ZRNDIC_MB5B_FM_DPC</CLSNAME>
     <CMPNAME>SELOPTIONSSET_CREATE_ENTITY</CMPNAME>
     <LANGU>E</LANGU>
     <DESCRIPT>Related EntitySet Name: SelOptionsSet</DESCRIPT>
    </SEOCOMPOTX>
    <SEOCOMPOTX>
     <CLSNAME>ZCL_ZRNDIC_MB5B_FM_DPC</CLSNAME>
     <CMPNAME>SELOPTIONSSET_DELETE_ENTITY</CMPNAME>
     <LANGU>E</LANGU>
     <DESCRIPT>Related EntitySet Name: SelOptionsSet</DESCRIPT>
    </SEOCOMPOTX>
    <SEOCOMPOTX>
     <CLSNAME>ZCL_ZRNDIC_MB5B_FM_DPC</CLSNAME>
     <CMPNAME>SELOPTIONSSET_GET_ENTITY</CMPNAME>
     <LANGU>E</LANGU>
     <DESCRIPT>Related EntitySet Name: SelOptionsSet</DESCRIPT>
    </SEOCOMPOTX>
    <SEOCOMPOTX>
     <CLSNAME>ZCL_ZRNDIC_MB5B_FM_DPC</CLSNAME>
     <CMPNAME>SELOPTIONSSET_GET_ENTITYSET</CMPNAME>
     <LANGU>E</LANGU>
     <DESCRIPT>Related EntitySet Name: SelOptionsSet</DESCRIPT>
    </SEOCOMPOTX>
    <SEOCOMPOTX>
     <CLSNAME>ZCL_ZRNDIC_MB5B_FM_DPC</CLSNAME>
     <CMPNAME>SELOPTIONSSET_UPDATE_ENTITY</CMPNAME>
     <LANGU>E</LANGU>
     <DESCRIPT>Related EntitySet Name: SelOptionsSet</DESCRIPT>
    </SEOCOMPOTX>
    <SEOCOMPOTX>
     <CLSNAME>ZCL_ZRNDIC_MB5B_FM_DPC</CLSNAME>
     <CMPNAME>SELOPTPROPERTYSE_CREATE_ENTITY</CMPNAME>
     <LANGU>E</LANGU>
     <DESCRIPT>Related EntitySet Name: SelOptPropertySet</DESCRIPT>
    </SEOCOMPOTX>
    <SEOCOMPOTX>
     <CLSNAME>ZCL_ZRNDIC_MB5B_FM_DPC</CLSNAME>
     <CMPNAME>SELOPTPROPERTYSE_DELETE_ENTITY</CMPNAME>
     <LANGU>E</LANGU>
     <DESCRIPT>Related EntitySet Name: SelOptPropertySet</DESCRIPT>
    </SEOCOMPOTX>
    <SEOCOMPOTX>
     <CLSNAME>ZCL_ZRNDIC_MB5B_FM_DPC</CLSNAME>
     <CMPNAME>SELOPTPROPERTYSE_GET_ENTITY</CMPNAME>
     <LANGU>E</LANGU>
     <DESCRIPT>Related EntitySet Name: SelOptPropertySet</DESCRIPT>
    </SEOCOMPOTX>
    <SEOCOMPOTX>
     <CLSNAME>ZCL_ZRNDIC_MB5B_FM_DPC</CLSNAME>
     <CMPNAME>SELOPTPROPERTYSE_GET_ENTITYSET</CMPNAME>
     <LANGU>E</LANGU>
     <DESCRIPT>Related EntitySet Name: SelOptPropertySet</DESCRIPT>
    </SEOCOMPOTX>
    <SEOCOMPOTX>
     <CLSNAME>ZCL_ZRNDIC_MB5B_FM_DPC</CLSNAME>
     <CMPNAME>SELOPTPROPERTYSE_UPDATE_ENTITY</CMPNAME>
     <LANGU>E</LANGU>
     <DESCRIPT>Related EntitySet Name: SelOptPropertySet</DESCRIPT>
    </SEOCOMPOTX>
    <SEOCOMPOTX>
     <CLSNAME>ZCL_ZRNDIC_MB5B_FM_DPC</CLSNAME>
     <CMPNAME>SINGLEFIELDSET_CREATE_ENTITY</CMPNAME>
     <LANGU>E</LANGU>
     <DESCRIPT>Related EntitySet Name: SingleFieldSet</DESCRIPT>
    </SEOCOMPOTX>
    <SEOCOMPOTX>
     <CLSNAME>ZCL_ZRNDIC_MB5B_FM_DPC</CLSNAME>
     <CMPNAME>SINGLEFIELDSET_DELETE_ENTITY</CMPNAME>
     <LANGU>E</LANGU>
     <DESCRIPT>Related EntitySet Name: SingleFieldSet</DESCRIPT>
    </SEOCOMPOTX>
    <SEOCOMPOTX>
     <CLSNAME>ZCL_ZRNDIC_MB5B_FM_DPC</CLSNAME>
     <CMPNAME>SINGLEFIELDSET_GET_ENTITY</CMPNAME>
     <LANGU>E</LANGU>
     <DESCRIPT>Related EntitySet Name: SingleFieldSet</DESCRIPT>
    </SEOCOMPOTX>
    <SEOCOMPOTX>
     <CLSNAME>ZCL_ZRNDIC_MB5B_FM_DPC</CLSNAME>
     <CMPNAME>SINGLEFIELDSET_GET_ENTITYSET</CMPNAME>
     <LANGU>E</LANGU>
     <DESCRIPT>Related EntitySet Name: SingleFieldSet</DESCRIPT>
    </SEOCOMPOTX>
    <SEOCOMPOTX>
     <CLSNAME>ZCL_ZRNDIC_MB5B_FM_DPC</CLSNAME>
     <CMPNAME>SINGLEFIELDSET_UPDATE_ENTITY</CMPNAME>
     <LANGU>E</LANGU>
     <DESCRIPT>Related EntitySet Name: SingleFieldSet</DESCRIPT>
    </SEOCOMPOTX>
    <SEOCOMPOTX>
     <CLSNAME>ZCL_ZRNDIC_MB5B_FM_DPC</CLSNAME>
     <CMPNAME>TABLECONTENTSET_CREATE_ENTITY</CMPNAME>
     <LANGU>E</LANGU>
     <DESCRIPT>Related EntitySet Name: TableContentSet</DESCRIPT>
    </SEOCOMPOTX>
    <SEOCOMPOTX>
     <CLSNAME>ZCL_ZRNDIC_MB5B_FM_DPC</CLSNAME>
     <CMPNAME>TABLECONTENTSET_DELETE_ENTITY</CMPNAME>
     <LANGU>E</LANGU>
     <DESCRIPT>Related EntitySet Name: TableContentSet</DESCRIPT>
    </SEOCOMPOTX>
    <SEOCOMPOTX>
     <CLSNAME>ZCL_ZRNDIC_MB5B_FM_DPC</CLSNAME>
     <CMPNAME>TABLECONTENTSET_GET_ENTITY</CMPNAME>
     <LANGU>E</LANGU>
     <DESCRIPT>Related EntitySet Name: TableContentSet</DESCRIPT>
    </SEOCOMPOTX>
    <SEOCOMPOTX>
     <CLSNAME>ZCL_ZRNDIC_MB5B_FM_DPC</CLSNAME>
     <CMPNAME>TABLECONTENTSET_GET_ENTITYSET</CMPNAME>
     <LANGU>E</LANGU>
     <DESCRIPT>Related EntitySet Name: TableContentSet</DESCRIPT>
    </SEOCOMPOTX>
    <SEOCOMPOTX>
     <CLSNAME>ZCL_ZRNDIC_MB5B_FM_DPC</CLSNAME>
     <CMPNAME>TABLECONTENTSET_UPDATE_ENTITY</CMPNAME>
     <LANGU>E</LANGU>
     <DESCRIPT>Related EntitySet Name: TableContentSet</DESCRIPT>
    </SEOCOMPOTX>
    <SEOCOMPOTX>
     <CLSNAME>ZCL_ZRNDIC_MB5B_FM_DPC</CLSNAME>
     <CMPNAME>TABLESET_CREATE_ENTITY</CMPNAME>
     <LANGU>E</LANGU>
     <DESCRIPT>Related EntitySet Name: TableSet</DESCRIPT>
    </SEOCOMPOTX>
    <SEOCOMPOTX>
     <CLSNAME>ZCL_ZRNDIC_MB5B_FM_DPC</CLSNAME>
     <CMPNAME>TABLESET_DELETE_ENTITY</CMPNAME>
     <LANGU>E</LANGU>
     <DESCRIPT>Related EntitySet Name: TableSet</DESCRIPT>
    </SEOCOMPOTX>
    <SEOCOMPOTX>
     <CLSNAME>ZCL_ZRNDIC_MB5B_FM_DPC</CLSNAME>
     <CMPNAME>TABLESET_GET_ENTITY</CMPNAME>
     <LANGU>E</LANGU>
     <DESCRIPT>Related EntitySet Name: TableSet</DESCRIPT>
    </SEOCOMPOTX>
    <SEOCOMPOTX>
     <CLSNAME>ZCL_ZRNDIC_MB5B_FM_DPC</CLSNAME>
     <CMPNAME>TABLESET_GET_ENTITYSET</CMPNAME>
     <LANGU>E</LANGU>
     <DESCRIPT>Related EntitySet Name: TableSet</DESCRIPT>
    </SEOCOMPOTX>
    <SEOCOMPOTX>
     <CLSNAME>ZCL_ZRNDIC_MB5B_FM_DPC</CLSNAME>
     <CMPNAME>TABLESET_UPDATE_ENTITY</CMPNAME>
     <LANGU>E</LANGU>
     <DESCRIPT>Related EntitySet Name: TableSet</DESCRIPT>
    </SEOCOMPOTX>
   </DESCRIPTIONS>
  </asx:values>
 </asx:abap>
</abapGit>
