﻿<?xml version="1.0" encoding="utf-8"?>
<abapGit version="v1.0.0" serializer="LCL_OBJECT_TABL" serializer_version="v1.0.0">
 <asx:abap xmlns:asx="http://www.sap.com/abapxml" version="1.0">
  <asx:values>
   <DD02V>
    <TABNAME>ZRNDIC_SELECT_DEEP_S</TABNAME>
    <DDLANGUAGE>E</DDLANGUAGE>
    <TABCLASS>INTTAB</TABCLASS>
    <DDTEXT>oData select deep entity structure</DDTEXT>
   </DD02V>
   <DD03P_TABLE>
    <DD03P>
     <TABNAME>ZRNDIC_SELECT_DEEP_S</TABNAME>
     <FIELDNAME>SELECT_NAME</FIELDNAME>
     <DDLANGUAGE>E</DDLANGUAGE>
     <POSITION>0001</POSITION>
     <ADMINFIELD>0</ADMINFIELD>
     <INTTYPE>g</INTTYPE>
     <INTLEN>000008</INTLEN>
     <DATATYPE>STRG</DATATYPE>
     <MASK>  STRG</MASK>
     <DDTEXT>Select name</DDTEXT>
    </DD03P>
    <DD03P>
     <TABNAME>ZRNDIC_SELECT_DEEP_S</TABNAME>
     <FIELDNAME>SKIP</FIELDNAME>
     <DDLANGUAGE>E</DDLANGUAGE>
     <POSITION>0002</POSITION>
     <ADMINFIELD>0</ADMINFIELD>
     <INTTYPE>X</INTTYPE>
     <INTLEN>000004</INTLEN>
     <DATATYPE>INT4</DATATYPE>
     <LENG>000010</LENG>
     <MASK>  INT4</MASK>
     <DDTEXT>Skip</DDTEXT>
    </DD03P>
    <DD03P>
     <TABNAME>ZRNDIC_SELECT_DEEP_S</TABNAME>
     <FIELDNAME>TOP</FIELDNAME>
     <DDLANGUAGE>E</DDLANGUAGE>
     <POSITION>0003</POSITION>
     <ADMINFIELD>0</ADMINFIELD>
     <INTTYPE>X</INTTYPE>
     <INTLEN>000004</INTLEN>
     <DATATYPE>INT4</DATATYPE>
     <LENG>000010</LENG>
     <MASK>  INT4</MASK>
     <DDTEXT>Top</DDTEXT>
    </DD03P>
    <DD03P>
     <TABNAME>ZRNDIC_SELECT_DEEP_S</TABNAME>
     <FIELDNAME>DB_CONNECTION</FIELDNAME>
     <DDLANGUAGE>E</DDLANGUAGE>
     <POSITION>0004</POSITION>
     <ADMINFIELD>0</ADMINFIELD>
     <INTTYPE>g</INTTYPE>
     <INTLEN>000008</INTLEN>
     <DATATYPE>STRG</DATATYPE>
     <MASK>  STRG</MASK>
     <DDTEXT>Db connection</DDTEXT>
    </DD03P>
    <DD03P>
     <TABNAME>ZRNDIC_SELECT_DEEP_S</TABNAME>
     <FIELDNAME>SELECTBODY</FIELDNAME>
     <POSITION>0005</POSITION>
     <ROLLNAME>ZRNDIC_DEEP_SELECTBODY_TT</ROLLNAME>
     <ADMINFIELD>0</ADMINFIELD>
     <DATATYPE>TTYP</DATATYPE>
     <MASK>  TTYPL</MASK>
     <COMPTYPE>L</COMPTYPE>
    </DD03P>
    <DD03P>
     <TABNAME>ZRNDIC_SELECT_DEEP_S</TABNAME>
     <FIELDNAME>SELOPTPROPERTIES</FIELDNAME>
     <POSITION>0006</POSITION>
     <ROLLNAME>ZRNDIC_DEEP_SELOPTPROP_TT</ROLLNAME>
     <ADMINFIELD>0</ADMINFIELD>
     <DATATYPE>TTYP</DATATYPE>
     <MASK>  TTYPL</MASK>
     <COMPTYPE>L</COMPTYPE>
    </DD03P>
    <DD03P>
     <TABNAME>ZRNDIC_SELECT_DEEP_S</TABNAME>
     <FIELDNAME>ADDTABLE</FIELDNAME>
     <POSITION>0007</POSITION>
     <ROLLNAME>ZSELECT_GENERIC_ADD_TAB_TT</ROLLNAME>
     <ADMINFIELD>0</ADMINFIELD>
     <DATATYPE>TTYP</DATATYPE>
     <MASK>  TTYPL</MASK>
     <COMPTYPE>L</COMPTYPE>
    </DD03P>
   </DD03P_TABLE>
  </asx:values>
 </asx:abap>
</abapGit>
