﻿<?xml version="1.0" encoding="utf-8"?>
<abapGit version="v1.0.0" serializer="LCL_OBJECT_IWPR" serializer_version="v1.0.0">
 <asx:abap xmlns:asx="http://www.sap.com/abapxml" version="1.0">
  <asx:values>
   <_-IWBEP_-I_SBD_GA>
    <_-IWBEP_-I_SBD_GA>
     <PROJECT>ZRNDIC_SELECT_GENERIC_2</PROJECT>
     <NODE_UUID>AFBWizboHtqLxhs2wC7gtw==</NODE_UUID>
     <CREATION_USER_ID>DEVELOPER3</CREATION_USER_ID>
     <CREATION_TIME>20200103135636.145</CREATION_TIME>
     <LAST_CHG_USER_ID>DEVELOPER3</LAST_CHG_USER_ID>
     <LAST_CHG_TIME>20200225130053.492</LAST_CHG_TIME>
     <NAME>ZCL_SELECT_GENERIC2_MPC</NAME>
     <PGMID>R3TR</PGMID>
     <TROBJ_TYPE>CLAS</TROBJ_TYPE>
     <TROBJ_NAME>ZCL_SELECT_GENERIC2_MPC</TROBJ_NAME>
     <GEN_ART_TYPE>MPCB</GEN_ART_TYPE>
    </_-IWBEP_-I_SBD_GA>
    <_-IWBEP_-I_SBD_GA>
     <PROJECT>ZRNDIC_SELECT_GENERIC_2</PROJECT>
     <NODE_UUID>AFBWizboHtqLxhs2wC8Atw==</NODE_UUID>
     <CREATION_USER_ID>DEVELOPER3</CREATION_USER_ID>
     <CREATION_TIME>20200103135636.145</CREATION_TIME>
     <LAST_CHG_USER_ID>DEVELOPER3</LAST_CHG_USER_ID>
     <LAST_CHG_TIME>20200225130053.492</LAST_CHG_TIME>
     <NAME>ZCL_SELECT_GENERIC2_MPC_EXT</NAME>
     <PGMID>R3TR</PGMID>
     <TROBJ_TYPE>CLAS</TROBJ_TYPE>
     <TROBJ_NAME>ZCL_SELECT_GENERIC2_MPC_EXT</TROBJ_NAME>
     <GEN_ART_TYPE>MPCS</GEN_ART_TYPE>
    </_-IWBEP_-I_SBD_GA>
    <_-IWBEP_-I_SBD_GA>
     <PROJECT>ZRNDIC_SELECT_GENERIC_2</PROJECT>
     <NODE_UUID>AFBWizboHtqLxhs2wC8gtw==</NODE_UUID>
     <CREATION_USER_ID>DEVELOPER3</CREATION_USER_ID>
     <CREATION_TIME>20200103135638.13</CREATION_TIME>
     <LAST_CHG_USER_ID>DEVELOPER3</LAST_CHG_USER_ID>
     <LAST_CHG_TIME>20200103140030.43</LAST_CHG_TIME>
     <NAME>ZCL_SELECT_GENERIC2_DPC</NAME>
     <PGMID>R3TR</PGMID>
     <TROBJ_TYPE>CLAS</TROBJ_TYPE>
     <TROBJ_NAME>ZCL_SELECT_GENERIC2_DPC</TROBJ_NAME>
     <GEN_ART_TYPE>DPCB</GEN_ART_TYPE>
    </_-IWBEP_-I_SBD_GA>
    <_-IWBEP_-I_SBD_GA>
     <PROJECT>ZRNDIC_SELECT_GENERIC_2</PROJECT>
     <NODE_UUID>AFBWizboHtqLxhs2wC9Atw==</NODE_UUID>
     <CREATION_USER_ID>DEVELOPER3</CREATION_USER_ID>
     <CREATION_TIME>20200103135638.911</CREATION_TIME>
     <NAME>ZCL_SELECT_GENERIC2_DPC_EXT</NAME>
     <PGMID>R3TR</PGMID>
     <TROBJ_TYPE>CLAS</TROBJ_TYPE>
     <TROBJ_NAME>ZCL_SELECT_GENERIC2_DPC_EXT</TROBJ_NAME>
     <GEN_ART_TYPE>DPCS</GEN_ART_TYPE>
    </_-IWBEP_-I_SBD_GA>
    <_-IWBEP_-I_SBD_GA>
     <PROJECT>ZRNDIC_SELECT_GENERIC_2</PROJECT>
     <NODE_UUID>AFBWizboHtqLxhs2wC9gtw==</NODE_UUID>
     <CREATION_USER_ID>DEVELOPER3</CREATION_USER_ID>
     <CREATION_TIME>20200103135639.364</CREATION_TIME>
     <NAME>ZRNDIC_SELECT_GENERIC2_MDL</NAME>
     <PGMID>R3TR</PGMID>
     <TROBJ_TYPE>IWMO</TROBJ_TYPE>
     <TROBJ_NAME>ZRNDIC_SELECT_GENERIC2_MDL</TROBJ_NAME>
     <GEN_ART_TYPE>MDL</GEN_ART_TYPE>
    </_-IWBEP_-I_SBD_GA>
    <_-IWBEP_-I_SBD_GA>
     <PROJECT>ZRNDIC_SELECT_GENERIC_2</PROJECT>
     <NODE_UUID>AFBWizboHtqLxhs2wC+Atw==</NODE_UUID>
     <CREATION_USER_ID>DEVELOPER3</CREATION_USER_ID>
     <CREATION_TIME>20200103135639.364</CREATION_TIME>
     <NAME>ZRNDIC_SELECT_GENERIC2_SRV</NAME>
     <PGMID>R3TR</PGMID>
     <TROBJ_TYPE>IWSV</TROBJ_TYPE>
     <TROBJ_NAME>ZRNDIC_SELECT_GENERIC2_SRV</TROBJ_NAME>
     <GEN_ART_TYPE>SRV</GEN_ART_TYPE>
    </_-IWBEP_-I_SBD_GA>
   </_-IWBEP_-I_SBD_GA>
   <_-IWBEP_-I_SBD_GAT>
    <_-IWBEP_-I_SBD_GAT>
     <SYLANGU>E</SYLANGU>
     <PROJECT>ZRNDIC_SELECT_GENERIC_2</PROJECT>
     <NODE_UUID>AFBWizboHtqLxhs2wC7gtw==</NODE_UUID>
    </_-IWBEP_-I_SBD_GAT>
    <_-IWBEP_-I_SBD_GAT>
     <SYLANGU>E</SYLANGU>
     <PROJECT>ZRNDIC_SELECT_GENERIC_2</PROJECT>
     <NODE_UUID>AFBWizboHtqLxhs2wC8Atw==</NODE_UUID>
    </_-IWBEP_-I_SBD_GAT>
    <_-IWBEP_-I_SBD_GAT>
     <SYLANGU>E</SYLANGU>
     <PROJECT>ZRNDIC_SELECT_GENERIC_2</PROJECT>
     <NODE_UUID>AFBWizboHtqLxhs2wC8gtw==</NODE_UUID>
    </_-IWBEP_-I_SBD_GAT>
    <_-IWBEP_-I_SBD_GAT>
     <SYLANGU>E</SYLANGU>
     <PROJECT>ZRNDIC_SELECT_GENERIC_2</PROJECT>
     <NODE_UUID>AFBWizboHtqLxhs2wC9Atw==</NODE_UUID>
    </_-IWBEP_-I_SBD_GAT>
    <_-IWBEP_-I_SBD_GAT>
     <SYLANGU>E</SYLANGU>
     <PROJECT>ZRNDIC_SELECT_GENERIC_2</PROJECT>
     <NODE_UUID>AFBWizboHtqLxhs2wC9gtw==</NODE_UUID>
    </_-IWBEP_-I_SBD_GAT>
    <_-IWBEP_-I_SBD_GAT>
     <SYLANGU>E</SYLANGU>
     <PROJECT>ZRNDIC_SELECT_GENERIC_2</PROJECT>
     <NODE_UUID>AFBWizboHtqLxhs2wC+Atw==</NODE_UUID>
    </_-IWBEP_-I_SBD_GAT>
   </_-IWBEP_-I_SBD_GAT>
   <_-IWBEP_-I_SBD_MD>
    <_-IWBEP_-I_SBD_MD>
     <PROJECT>ZRNDIC_SELECT_GENERIC_2</PROJECT>
     <NODE_UUID>AFBWizboHtqLxhWxLbcAtw==</NODE_UUID>
     <NODE_UUID_PA>AFBWizboHtqLxhWxLbSgtw==</NODE_UUID_PA>
     <PLUGIN_PA>/IWBEP/CORE</PLUGIN_PA>
     <NODE_TYPE_PA>PROJ</NODE_TYPE_PA>
     <TECHNICAL_NAME>ZRNDIC_SELECT_GENERIC2_MDL</TECHNICAL_NAME>
     <VERSION>0001</VERSION>
     <MPC>ZCL_SELECT_GENERIC2_MPC_EXT</MPC>
    </_-IWBEP_-I_SBD_MD>
   </_-IWBEP_-I_SBD_MD>
   <_-IWBEP_-I_SBD_MDT>
    <_-IWBEP_-I_SBD_MDT>
     <SYLANGU>E</SYLANGU>
     <PROJECT>ZRNDIC_SELECT_GENERIC_2</PROJECT>
     <NODE_UUID>AFBWizboHtqLxhWxLbcAtw==</NODE_UUID>
    </_-IWBEP_-I_SBD_MDT>
   </_-IWBEP_-I_SBD_MDT>
   <_-IWBEP_-I_SBD_NOI>
    <_-IWBEP_-I_SBD_NOI>
     <PROJECT>ZRNDIC_SELECT_GENERIC_2</PROJECT>
     <NODE_UUID>AFBWizboHtqLxhWxLbSgtw==</NODE_UUID>
    </_-IWBEP_-I_SBD_NOI>
    <_-IWBEP_-I_SBD_NOI>
     <PROJECT>ZRNDIC_SELECT_GENERIC_2</PROJECT>
     <NODE_UUID>AFBWizboHtqLxhWxLbcAtw==</NODE_UUID>
    </_-IWBEP_-I_SBD_NOI>
    <_-IWBEP_-I_SBD_NOI>
     <PROJECT>ZRNDIC_SELECT_GENERIC_2</PROJECT>
     <NODE_UUID>AFBWizboHtqLxhWxLbdAtw==</NODE_UUID>
    </_-IWBEP_-I_SBD_NOI>
    <_-IWBEP_-I_SBD_NOI>
     <PROJECT>ZRNDIC_SELECT_GENERIC_2</PROJECT>
     <NODE_UUID>AFBWizboHtqLxhWxLbdgtw==</NODE_UUID>
    </_-IWBEP_-I_SBD_NOI>
    <_-IWBEP_-I_SBD_NOI>
     <PROJECT>ZRNDIC_SELECT_GENERIC_2</PROJECT>
     <NODE_UUID>AFBWizboHtqLxhWxLbegtw==</NODE_UUID>
    </_-IWBEP_-I_SBD_NOI>
    <_-IWBEP_-I_SBD_NOI>
     <PROJECT>ZRNDIC_SELECT_GENERIC_2</PROJECT>
     <NODE_UUID>AFBWizboHtqLxhWxLbfAtw==</NODE_UUID>
    </_-IWBEP_-I_SBD_NOI>
    <_-IWBEP_-I_SBD_NOI>
     <PROJECT>ZRNDIC_SELECT_GENERIC_2</PROJECT>
     <NODE_UUID>AFBWizboHtqLxhWxLbfgtw==</NODE_UUID>
    </_-IWBEP_-I_SBD_NOI>
    <_-IWBEP_-I_SBD_NOI>
     <PROJECT>ZRNDIC_SELECT_GENERIC_2</PROJECT>
     <NODE_UUID>AFBWizboHtqLxhWxLbgAtw==</NODE_UUID>
    </_-IWBEP_-I_SBD_NOI>
    <_-IWBEP_-I_SBD_NOI>
     <PROJECT>ZRNDIC_SELECT_GENERIC_2</PROJECT>
     <NODE_UUID>AFBWizboHtqLxhWxLbggtw==</NODE_UUID>
    </_-IWBEP_-I_SBD_NOI>
    <_-IWBEP_-I_SBD_NOI>
     <PROJECT>ZRNDIC_SELECT_GENERIC_2</PROJECT>
     <NODE_UUID>AFBWizboHtqLxhWxLbhAtw==</NODE_UUID>
    </_-IWBEP_-I_SBD_NOI>
    <_-IWBEP_-I_SBD_NOI>
     <PROJECT>ZRNDIC_SELECT_GENERIC_2</PROJECT>
     <NODE_UUID>AFBWizboHtqLxhWxLbhgtw==</NODE_UUID>
    </_-IWBEP_-I_SBD_NOI>
    <_-IWBEP_-I_SBD_NOI>
     <PROJECT>ZRNDIC_SELECT_GENERIC_2</PROJECT>
     <NODE_UUID>AFBWizboHtqLxhWxLblAtw==</NODE_UUID>
    </_-IWBEP_-I_SBD_NOI>
    <_-IWBEP_-I_SBD_NOI>
     <PROJECT>ZRNDIC_SELECT_GENERIC_2</PROJECT>
     <NODE_UUID>AFBWizboHtqLxhs2wC7gtw==</NODE_UUID>
    </_-IWBEP_-I_SBD_NOI>
    <_-IWBEP_-I_SBD_NOI>
     <PROJECT>ZRNDIC_SELECT_GENERIC_2</PROJECT>
     <NODE_UUID>AFBWizboHtqLxhs2wC8Atw==</NODE_UUID>
    </_-IWBEP_-I_SBD_NOI>
    <_-IWBEP_-I_SBD_NOI>
     <PROJECT>ZRNDIC_SELECT_GENERIC_2</PROJECT>
     <NODE_UUID>AFBWizboHtqLxhs2wC8gtw==</NODE_UUID>
    </_-IWBEP_-I_SBD_NOI>
    <_-IWBEP_-I_SBD_NOI>
     <PROJECT>ZRNDIC_SELECT_GENERIC_2</PROJECT>
     <NODE_UUID>AFBWizboHtqLxhs2wC9Atw==</NODE_UUID>
    </_-IWBEP_-I_SBD_NOI>
    <_-IWBEP_-I_SBD_NOI>
     <PROJECT>ZRNDIC_SELECT_GENERIC_2</PROJECT>
     <NODE_UUID>AFBWizboHtqLxhs2wC9gtw==</NODE_UUID>
    </_-IWBEP_-I_SBD_NOI>
    <_-IWBEP_-I_SBD_NOI>
     <PROJECT>ZRNDIC_SELECT_GENERIC_2</PROJECT>
     <NODE_UUID>AFBWizboHtqLxhs2wC+Atw==</NODE_UUID>
    </_-IWBEP_-I_SBD_NOI>
    <_-IWBEP_-I_SBD_NOI>
     <PROJECT>ZRNDIC_SELECT_GENERIC_2</PROJECT>
     <NODE_UUID>AFBWizboHtqLxii1LeqAtw==</NODE_UUID>
    </_-IWBEP_-I_SBD_NOI>
    <_-IWBEP_-I_SBD_NOI>
     <PROJECT>ZRNDIC_SELECT_GENERIC_2</PROJECT>
     <NODE_UUID>AFBWizboHtqLxii1Leqgtw==</NODE_UUID>
    </_-IWBEP_-I_SBD_NOI>
    <_-IWBEP_-I_SBD_NOI>
     <PROJECT>ZRNDIC_SELECT_GENERIC_2</PROJECT>
     <NODE_UUID>AFBWizboHtqLxii1LerAtw==</NODE_UUID>
    </_-IWBEP_-I_SBD_NOI>
    <_-IWBEP_-I_SBD_NOI>
     <PROJECT>ZRNDIC_SELECT_GENERIC_2</PROJECT>
     <NODE_UUID>AFBWizboHtqLxii1Lergtw==</NODE_UUID>
    </_-IWBEP_-I_SBD_NOI>
    <_-IWBEP_-I_SBD_NOI>
     <PROJECT>ZRNDIC_SELECT_GENERIC_2</PROJECT>
     <NODE_UUID>AFBWizboHtqLxii1LesAtw==</NODE_UUID>
    </_-IWBEP_-I_SBD_NOI>
    <_-IWBEP_-I_SBD_NOI>
     <PROJECT>ZRNDIC_SELECT_GENERIC_2</PROJECT>
     <NODE_UUID>AFBWizboHtqLxii1Lesgtw==</NODE_UUID>
    </_-IWBEP_-I_SBD_NOI>
    <_-IWBEP_-I_SBD_NOI>
     <PROJECT>ZRNDIC_SELECT_GENERIC_2</PROJECT>
     <NODE_UUID>AFBWizboHtqLxii1LetAtw==</NODE_UUID>
    </_-IWBEP_-I_SBD_NOI>
    <_-IWBEP_-I_SBD_NOI>
     <PROJECT>ZRNDIC_SELECT_GENERIC_2</PROJECT>
     <NODE_UUID>AFBWizboHtqL2lsOAqOAtw==</NODE_UUID>
    </_-IWBEP_-I_SBD_NOI>
   </_-IWBEP_-I_SBD_NOI>
   <_-IWBEP_-I_SBD_OP>
    <_-IWBEP_-I_SBD_OP>
     <PROJECT>ZRNDIC_SELECT_GENERIC_2</PROJECT>
     <NODE_UUID>AFBWizboHtqLxii1LerAtw==</NODE_UUID>
     <PARENT_UUID>AFBWizboHtqLxii1Leqgtw==</PARENT_UUID>
     <NAME>Create</NAME>
     <OPERATION_TYPE>C</OPERATION_TYPE>
     <IMP_METHOD>SELECTGENERICSET_CREATE_ENTITY</IMP_METHOD>
    </_-IWBEP_-I_SBD_OP>
    <_-IWBEP_-I_SBD_OP>
     <PROJECT>ZRNDIC_SELECT_GENERIC_2</PROJECT>
     <NODE_UUID>AFBWizboHtqLxii1Lergtw==</NODE_UUID>
     <PARENT_UUID>AFBWizboHtqLxii1Leqgtw==</PARENT_UUID>
     <NAME>GetEntity (Read)</NAME>
     <OPERATION_TYPE>R</OPERATION_TYPE>
     <IMP_METHOD>SELECTGENERICSET_GET_ENTITY</IMP_METHOD>
    </_-IWBEP_-I_SBD_OP>
    <_-IWBEP_-I_SBD_OP>
     <PROJECT>ZRNDIC_SELECT_GENERIC_2</PROJECT>
     <NODE_UUID>AFBWizboHtqLxii1LesAtw==</NODE_UUID>
     <PARENT_UUID>AFBWizboHtqLxii1Leqgtw==</PARENT_UUID>
     <NAME>Update</NAME>
     <OPERATION_TYPE>U</OPERATION_TYPE>
     <IMP_METHOD>SELECTGENERICSET_UPDATE_ENTITY</IMP_METHOD>
    </_-IWBEP_-I_SBD_OP>
    <_-IWBEP_-I_SBD_OP>
     <PROJECT>ZRNDIC_SELECT_GENERIC_2</PROJECT>
     <NODE_UUID>AFBWizboHtqLxii1Lesgtw==</NODE_UUID>
     <PARENT_UUID>AFBWizboHtqLxii1Leqgtw==</PARENT_UUID>
     <NAME>Delete</NAME>
     <OPERATION_TYPE>D</OPERATION_TYPE>
     <IMP_METHOD>SELECTGENERICSET_DELETE_ENTITY</IMP_METHOD>
    </_-IWBEP_-I_SBD_OP>
    <_-IWBEP_-I_SBD_OP>
     <PROJECT>ZRNDIC_SELECT_GENERIC_2</PROJECT>
     <NODE_UUID>AFBWizboHtqLxii1LetAtw==</NODE_UUID>
     <PARENT_UUID>AFBWizboHtqLxii1Leqgtw==</PARENT_UUID>
     <NAME>GetEntitySet (Query)</NAME>
     <OPERATION_TYPE>Q</OPERATION_TYPE>
     <IMP_METHOD>SELECTGENERICSET_GET_ENTITYSET</IMP_METHOD>
    </_-IWBEP_-I_SBD_OP>
   </_-IWBEP_-I_SBD_OP>
   <_-IWBEP_-I_SBD_OPT>
    <_-IWBEP_-I_SBD_OPT>
     <SYLANGU>E</SYLANGU>
     <PROJECT>ZRNDIC_SELECT_GENERIC_2</PROJECT>
     <NODE_UUID>AFBWizboHtqLxii1LerAtw==</NODE_UUID>
    </_-IWBEP_-I_SBD_OPT>
    <_-IWBEP_-I_SBD_OPT>
     <SYLANGU>E</SYLANGU>
     <PROJECT>ZRNDIC_SELECT_GENERIC_2</PROJECT>
     <NODE_UUID>AFBWizboHtqLxii1Lergtw==</NODE_UUID>
    </_-IWBEP_-I_SBD_OPT>
    <_-IWBEP_-I_SBD_OPT>
     <SYLANGU>E</SYLANGU>
     <PROJECT>ZRNDIC_SELECT_GENERIC_2</PROJECT>
     <NODE_UUID>AFBWizboHtqLxii1LesAtw==</NODE_UUID>
    </_-IWBEP_-I_SBD_OPT>
    <_-IWBEP_-I_SBD_OPT>
     <SYLANGU>E</SYLANGU>
     <PROJECT>ZRNDIC_SELECT_GENERIC_2</PROJECT>
     <NODE_UUID>AFBWizboHtqLxii1Lesgtw==</NODE_UUID>
    </_-IWBEP_-I_SBD_OPT>
    <_-IWBEP_-I_SBD_OPT>
     <SYLANGU>E</SYLANGU>
     <PROJECT>ZRNDIC_SELECT_GENERIC_2</PROJECT>
     <NODE_UUID>AFBWizboHtqLxii1LetAtw==</NODE_UUID>
    </_-IWBEP_-I_SBD_OPT>
   </_-IWBEP_-I_SBD_OPT>
   <_-IWBEP_-I_SBD_PR>
    <_-IWBEP_-I_SBD_PR>
     <PROJECT>ZRNDIC_SELECT_GENERIC_2</PROJECT>
     <NODE_UUID>AFBWizboHtqLxhWxLbSgtw==</NODE_UUID>
     <CREATION_USER_ID>DEVELOPER3</CREATION_USER_ID>
     <CREATION_TIME>20200103135520.299</CREATION_TIME>
     <LAST_CHG_USER_ID>DEVELOPER3</LAST_CHG_USER_ID>
     <LAST_CHG_TIME>20200225130056.149</LAST_CHG_TIME>
     <LAST_CHG_STATE>AFBWizboHtqV+dsbFikguQ==</LAST_CHG_STATE>
     <PLUGIN>/IWBEP/GEN</PLUGIN>
     <STRAT_NAME>0001</STRAT_NAME>
     <STRAT_VERSION>0001</STRAT_VERSION>
     <PROJECT_TYPE>1</PROJECT_TYPE>
    </_-IWBEP_-I_SBD_PR>
   </_-IWBEP_-I_SBD_PR>
   <_-IWBEP_-I_SBD_PRT>
    <_-IWBEP_-I_SBD_PRT>
     <PROJECT>ZRNDIC_SELECT_GENERIC_2</PROJECT>
     <SYLANGU>E</SYLANGU>
     <DESCRIPTION>Service to handle select generic</DESCRIPTION>
    </_-IWBEP_-I_SBD_PRT>
   </_-IWBEP_-I_SBD_PRT>
   <_-IWBEP_-I_SBD_SE>
    <_-IWBEP_-I_SBD_SE>
     <PROJECT>ZRNDIC_SELECT_GENERIC_2</PROJECT>
     <NODE_UUID>AFBWizboHtqLxii1Leqgtw==</NODE_UUID>
     <PARENT_UUID>AFBWizboHtqLxhWxLbhgtw==</PARENT_UUID>
     <NAME>SelectGenericSet</NAME>
     <ENTITY_SET_UUID>AFBWizboHtqLxii1LeqAtw==</ENTITY_SET_UUID>
    </_-IWBEP_-I_SBD_SE>
   </_-IWBEP_-I_SBD_SE>
   <_-IWBEP_-I_SBD_SET>
    <_-IWBEP_-I_SBD_SET>
     <SYLANGU>E</SYLANGU>
     <PROJECT>ZRNDIC_SELECT_GENERIC_2</PROJECT>
     <NODE_UUID>AFBWizboHtqLxii1Leqgtw==</NODE_UUID>
    </_-IWBEP_-I_SBD_SET>
   </_-IWBEP_-I_SBD_SET>
   <_-IWBEP_-I_SBD_SV>
    <_-IWBEP_-I_SBD_SV>
     <PROJECT>ZRNDIC_SELECT_GENERIC_2</PROJECT>
     <NODE_UUID>AFBWizboHtqLxhWxLbhgtw==</NODE_UUID>
     <TECHNICAL_NAME>ZRNDIC_SELECT_GENERIC2_SRV</TECHNICAL_NAME>
     <VERSION>0001</VERSION>
     <DPC>ZCL_SELECT_GENERIC2_DPC_EXT</DPC>
     <EXTERNAL_NAME>ZRNDIC_SELECT_GENERIC2_SRV</EXTERNAL_NAME>
    </_-IWBEP_-I_SBD_SV>
   </_-IWBEP_-I_SBD_SV>
   <_-IWBEP_-I_SBD_SVT>
    <_-IWBEP_-I_SBD_SVT>
     <SYLANGU>E</SYLANGU>
     <PROJECT>ZRNDIC_SELECT_GENERIC_2</PROJECT>
     <NODE_UUID>AFBWizboHtqLxhWxLbhgtw==</NODE_UUID>
    </_-IWBEP_-I_SBD_SVT>
   </_-IWBEP_-I_SBD_SVT>
   <_-IWBEP_-I_SBO_ES>
    <_-IWBEP_-I_SBO_ES>
     <PROJECT>ZRNDIC_SELECT_GENERIC_2</PROJECT>
     <NODE_UUID>AFBWizboHtqLxii1LeqAtw==</NODE_UUID>
     <MODEL>AFBWizboHtqLxhWxLbcAtw==</MODEL>
     <NAME>SelectGenericSet</NAME>
     <ENTITY_TYPE>AFBWizboHtqLxhWxLbdAtw==</ENTITY_TYPE>
     <CREATABLE>X</CREATABLE>
     <UPDATABLE>X</UPDATABLE>
     <DELETABLE>X</DELETABLE>
     <PAGEABLE>X</PAGEABLE>
     <ADDRESSABLE>X</ADDRESSABLE>
     <SEARCHABLE>X</SEARCHABLE>
     <SUBSCRIBABLE>X</SUBSCRIBABLE>
     <REF_TYPE>T</REF_TYPE>
     <DESCRIPTION_XU>X</DESCRIPTION_XU>
    </_-IWBEP_-I_SBO_ES>
   </_-IWBEP_-I_SBO_ES>
   <_-IWBEP_-I_SBO_EST>
    <_-IWBEP_-I_SBO_EST>
     <SYLANGU>E</SYLANGU>
     <PROJECT>ZRNDIC_SELECT_GENERIC_2</PROJECT>
     <NODE_UUID>AFBWizboHtqLxii1LeqAtw==</NODE_UUID>
    </_-IWBEP_-I_SBO_EST>
   </_-IWBEP_-I_SBO_EST>
   <_-IWBEP_-I_SBO_ET>
    <_-IWBEP_-I_SBO_ET>
     <PROJECT>ZRNDIC_SELECT_GENERIC_2</PROJECT>
     <NODE_UUID>AFBWizboHtqLxhWxLbdAtw==</NODE_UUID>
     <NAME>SelectGeneric</NAME>
     <MODEL>AFBWizboHtqLxhWxLbcAtw==</MODEL>
     <REF_TYPE>T</REF_TYPE>
     <ABAP_STRUCT>ZSELECT_GENERIC_UI_S</ABAP_STRUCT>
     <DESCRIPTION_XU>X</DESCRIPTION_XU>
    </_-IWBEP_-I_SBO_ET>
   </_-IWBEP_-I_SBO_ET>
   <_-IWBEP_-I_SBO_ETT>
    <_-IWBEP_-I_SBO_ETT>
     <SYLANGU>E</SYLANGU>
     <PROJECT>ZRNDIC_SELECT_GENERIC_2</PROJECT>
     <NODE_UUID>AFBWizboHtqLxhWxLbdAtw==</NODE_UUID>
    </_-IWBEP_-I_SBO_ETT>
   </_-IWBEP_-I_SBO_ETT>
   <_-IWBEP_-I_SBO_PR>
    <_-IWBEP_-I_SBO_PR>
     <PROJECT>ZRNDIC_SELECT_GENERIC_2</PROJECT>
     <NODE_UUID>AFBWizboHtqLxhWxLbdgtw==</NODE_UUID>
     <PARENT_UUID>AFBWizboHtqLxhWxLbdAtw==</PARENT_UUID>
     <NAME>DbConnection</NAME>
     <CREATABLE>X</CREATABLE>
     <FILTERABLE>X</FILTERABLE>
     <SORTABLE>X</SORTABLE>
     <EDM_CORE_TYPE>Edm.String</EDM_CORE_TYPE>
     <UPDATABLE>X</UPDATABLE>
     <IS_NULLABLE>X</IS_NULLABLE>
     <REF_TYPE>T</REF_TYPE>
     <ABAP_FIELD>DB_CONNECTION</ABAP_FIELD>
     <ABTY_XU>X</ABTY_XU>
     <SORT_ORDER>7</SORT_ORDER>
     <DESCRIPTION_XU>X</DESCRIPTION_XU>
    </_-IWBEP_-I_SBO_PR>
    <_-IWBEP_-I_SBO_PR>
     <PROJECT>ZRNDIC_SELECT_GENERIC_2</PROJECT>
     <NODE_UUID>AFBWizboHtqLxhWxLbegtw==</NODE_UUID>
     <PARENT_UUID>AFBWizboHtqLxhWxLbdAtw==</PARENT_UUID>
     <NAME>FieldValue</NAME>
     <CREATABLE>X</CREATABLE>
     <FILTERABLE>X</FILTERABLE>
     <SORTABLE>X</SORTABLE>
     <EDM_CORE_TYPE>Edm.String</EDM_CORE_TYPE>
     <UPDATABLE>X</UPDATABLE>
     <IS_NULLABLE>X</IS_NULLABLE>
     <REF_TYPE>T</REF_TYPE>
     <ABAP_FIELD>FIELD_VALUE</ABAP_FIELD>
     <ABTY_XU>X</ABTY_XU>
     <SORT_ORDER>6</SORT_ORDER>
     <DESCRIPTION_XU>X</DESCRIPTION_XU>
    </_-IWBEP_-I_SBO_PR>
    <_-IWBEP_-I_SBO_PR>
     <PROJECT>ZRNDIC_SELECT_GENERIC_2</PROJECT>
     <NODE_UUID>AFBWizboHtqLxhWxLbfAtw==</NODE_UUID>
     <PARENT_UUID>AFBWizboHtqLxhWxLbdAtw==</PARENT_UUID>
     <NAME>FieldName</NAME>
     <CREATABLE>X</CREATABLE>
     <FILTERABLE>X</FILTERABLE>
     <SORTABLE>X</SORTABLE>
     <EDM_CORE_TYPE>Edm.String</EDM_CORE_TYPE>
     <UPDATABLE>X</UPDATABLE>
     <IS_NULLABLE>X</IS_NULLABLE>
     <REF_TYPE>T</REF_TYPE>
     <ABAP_FIELD>FIELD_NAME</ABAP_FIELD>
     <ABTY_XU>X</ABTY_XU>
     <SORT_ORDER>5</SORT_ORDER>
     <DESCRIPTION_XU>X</DESCRIPTION_XU>
    </_-IWBEP_-I_SBO_PR>
    <_-IWBEP_-I_SBO_PR>
     <PROJECT>ZRNDIC_SELECT_GENERIC_2</PROJECT>
     <NODE_UUID>AFBWizboHtqLxhWxLbfgtw==</NODE_UUID>
     <PARENT_UUID>AFBWizboHtqLxhWxLbdAtw==</PARENT_UUID>
     <NAME>RowId</NAME>
     <IS_KEY>X</IS_KEY>
     <CREATABLE>X</CREATABLE>
     <FILTERABLE>X</FILTERABLE>
     <SORTABLE>X</SORTABLE>
     <EDM_CORE_TYPE>Edm.Int16</EDM_CORE_TYPE>
     <UPDATABLE>X</UPDATABLE>
     <REF_TYPE>T</REF_TYPE>
     <ABAP_FIELD>ROW_ID</ABAP_FIELD>
     <ABTY_XU>X</ABTY_XU>
     <SORT_ORDER>4</SORT_ORDER>
     <DESCRIPTION_XU>X</DESCRIPTION_XU>
    </_-IWBEP_-I_SBO_PR>
    <_-IWBEP_-I_SBO_PR>
     <PROJECT>ZRNDIC_SELECT_GENERIC_2</PROJECT>
     <NODE_UUID>AFBWizboHtqLxhWxLbgAtw==</NODE_UUID>
     <PARENT_UUID>AFBWizboHtqLxhWxLbdAtw==</PARENT_UUID>
     <NAME>WhereCondition</NAME>
     <CREATABLE>X</CREATABLE>
     <FILTERABLE>X</FILTERABLE>
     <SORTABLE>X</SORTABLE>
     <EDM_CORE_TYPE>Edm.String</EDM_CORE_TYPE>
     <UPDATABLE>X</UPDATABLE>
     <IS_NULLABLE>X</IS_NULLABLE>
     <REF_TYPE>T</REF_TYPE>
     <ABAP_FIELD>WHERE_CONDITION</ABAP_FIELD>
     <ABTY_XU>X</ABTY_XU>
     <SORT_ORDER>3</SORT_ORDER>
     <DESCRIPTION_XU>X</DESCRIPTION_XU>
    </_-IWBEP_-I_SBO_PR>
    <_-IWBEP_-I_SBO_PR>
     <PROJECT>ZRNDIC_SELECT_GENERIC_2</PROJECT>
     <NODE_UUID>AFBWizboHtqLxhWxLbggtw==</NODE_UUID>
     <PARENT_UUID>AFBWizboHtqLxhWxLbdAtw==</PARENT_UUID>
     <NAME>FieldList</NAME>
     <CREATABLE>X</CREATABLE>
     <FILTERABLE>X</FILTERABLE>
     <SORTABLE>X</SORTABLE>
     <EDM_CORE_TYPE>Edm.String</EDM_CORE_TYPE>
     <UPDATABLE>X</UPDATABLE>
     <IS_NULLABLE>X</IS_NULLABLE>
     <REF_TYPE>T</REF_TYPE>
     <ABAP_FIELD>FIELD_LIST</ABAP_FIELD>
     <ABTY_XU>X</ABTY_XU>
     <SORT_ORDER>2</SORT_ORDER>
     <DESCRIPTION_XU>X</DESCRIPTION_XU>
    </_-IWBEP_-I_SBO_PR>
    <_-IWBEP_-I_SBO_PR>
     <PROJECT>ZRNDIC_SELECT_GENERIC_2</PROJECT>
     <NODE_UUID>AFBWizboHtqLxhWxLbhAtw==</NODE_UUID>
     <PARENT_UUID>AFBWizboHtqLxhWxLbdAtw==</PARENT_UUID>
     <NAME>TableName</NAME>
     <IS_KEY>X</IS_KEY>
     <CREATABLE>X</CREATABLE>
     <FILTERABLE>X</FILTERABLE>
     <SORTABLE>X</SORTABLE>
     <EDM_CORE_TYPE>Edm.String</EDM_CORE_TYPE>
     <UPDATABLE>X</UPDATABLE>
     <REF_TYPE>T</REF_TYPE>
     <ABAP_FIELD>TABLE_NAME</ABAP_FIELD>
     <ABTY_XU>X</ABTY_XU>
     <SORT_ORDER>1</SORT_ORDER>
     <DESCRIPTION_XU>X</DESCRIPTION_XU>
    </_-IWBEP_-I_SBO_PR>
    <_-IWBEP_-I_SBO_PR>
     <PROJECT>ZRNDIC_SELECT_GENERIC_2</PROJECT>
     <NODE_UUID>AFBWizboHtqL2lsOAqOAtw==</NODE_UUID>
     <PARENT_UUID>AFBWizboHtqLxhWxLbdAtw==</PARENT_UUID>
     <NAME>Distinct</NAME>
     <CREATABLE>X</CREATABLE>
     <FILTERABLE>X</FILTERABLE>
     <MAX_LENGTH>1</MAX_LENGTH>
     <SORTABLE>X</SORTABLE>
     <EDM_CORE_TYPE>Edm.String</EDM_CORE_TYPE>
     <UPDATABLE>X</UPDATABLE>
     <IS_NULLABLE>X</IS_NULLABLE>
     <REF_TYPE>T</REF_TYPE>
     <ABAP_FIELD>DISTICNCT</ABAP_FIELD>
     <ABTY_XU>X</ABTY_XU>
     <SORT_ORDER>8</SORT_ORDER>
     <DESCRIPTION_XU>X</DESCRIPTION_XU>
    </_-IWBEP_-I_SBO_PR>
   </_-IWBEP_-I_SBO_PR>
   <_-IWBEP_-I_SBO_PRT>
    <_-IWBEP_-I_SBO_PRT>
     <SYLANGU>E</SYLANGU>
     <PROJECT>ZRNDIC_SELECT_GENERIC_2</PROJECT>
     <NODE_UUID>AFBWizboHtqLxhWxLbdgtw==</NODE_UUID>
    </_-IWBEP_-I_SBO_PRT>
    <_-IWBEP_-I_SBO_PRT>
     <SYLANGU>E</SYLANGU>
     <PROJECT>ZRNDIC_SELECT_GENERIC_2</PROJECT>
     <NODE_UUID>AFBWizboHtqLxhWxLbegtw==</NODE_UUID>
    </_-IWBEP_-I_SBO_PRT>
    <_-IWBEP_-I_SBO_PRT>
     <SYLANGU>E</SYLANGU>
     <PROJECT>ZRNDIC_SELECT_GENERIC_2</PROJECT>
     <NODE_UUID>AFBWizboHtqLxhWxLbfAtw==</NODE_UUID>
    </_-IWBEP_-I_SBO_PRT>
    <_-IWBEP_-I_SBO_PRT>
     <SYLANGU>E</SYLANGU>
     <PROJECT>ZRNDIC_SELECT_GENERIC_2</PROJECT>
     <NODE_UUID>AFBWizboHtqLxhWxLbfgtw==</NODE_UUID>
    </_-IWBEP_-I_SBO_PRT>
    <_-IWBEP_-I_SBO_PRT>
     <SYLANGU>E</SYLANGU>
     <PROJECT>ZRNDIC_SELECT_GENERIC_2</PROJECT>
     <NODE_UUID>AFBWizboHtqLxhWxLbgAtw==</NODE_UUID>
    </_-IWBEP_-I_SBO_PRT>
    <_-IWBEP_-I_SBO_PRT>
     <SYLANGU>E</SYLANGU>
     <PROJECT>ZRNDIC_SELECT_GENERIC_2</PROJECT>
     <NODE_UUID>AFBWizboHtqLxhWxLbggtw==</NODE_UUID>
    </_-IWBEP_-I_SBO_PRT>
    <_-IWBEP_-I_SBO_PRT>
     <SYLANGU>E</SYLANGU>
     <PROJECT>ZRNDIC_SELECT_GENERIC_2</PROJECT>
     <NODE_UUID>AFBWizboHtqLxhWxLbhAtw==</NODE_UUID>
    </_-IWBEP_-I_SBO_PRT>
    <_-IWBEP_-I_SBO_PRT>
     <SYLANGU>E</SYLANGU>
     <PROJECT>ZRNDIC_SELECT_GENERIC_2</PROJECT>
     <NODE_UUID>AFBWizboHtqL2lsOAqOAtw==</NODE_UUID>
    </_-IWBEP_-I_SBO_PRT>
   </_-IWBEP_-I_SBO_PRT>
  </asx:values>
 </asx:abap>
</abapGit>
