﻿<?xml version="1.0" encoding="utf-8"?>
<abapGit version="v1.0.0" serializer="LCL_OBJECT_IWMO" serializer_version="v1.0.0">
 <asx:abap xmlns:asx="http://www.sap.com/abapxml" version="1.0">
  <asx:values>
   <_-IWBEP_-I_MGW_OHD>
    <_-IWBEP_-I_MGW_OHD>
     <TECHNICAL_NAME>ZRNDIC_SELECT_GENERIC2_MDL</TECHNICAL_NAME>
     <VERSION>0001</VERSION>
     <CLASS_NAME>ZCL_SELECT_GENERIC2_MPC_EXT</CLASS_NAME>
     <CREATED_BY>DEVELOPER3</CREATED_BY>
     <CREATED_TIMESTMP>20200103135639</CREATED_TIMESTMP>
    </_-IWBEP_-I_MGW_OHD>
   </_-IWBEP_-I_MGW_OHD>
   <_-IWBEP_-I_MGW_OHT>
    <_-IWBEP_-I_MGW_OHT>
     <TECHNICAL_NAME>ZRNDIC_SELECT_GENERIC2_MDL</TECHNICAL_NAME>
     <VERSION>0001</VERSION>
     <LANGUAGE>E</LANGUAGE>
     <DESCRIPTION>Service to handle select generic</DESCRIPTION>
    </_-IWBEP_-I_MGW_OHT>
   </_-IWBEP_-I_MGW_OHT>
  </asx:values>
 </asx:abap>
</abapGit>
