﻿<?xml version="1.0" encoding="utf-8"?>
<abapGit version="v1.0.0" serializer="LCL_OBJECT_PINF" serializer_version="v1.0.0">
 <asx:abap xmlns:asx="http://www.sap.com/abapxml" version="1.0">
  <asx:values>
   <PINF>
    <ATTRIBUTES>
     <INTF_NAME>ZRND_IC_MAIN_IF</INTF_NAME>
     <DESCRIPT>Test interface</DESCRIPT>
     <ACL_FLAG>X</ACL_FLAG>
    </ATTRIBUTES>
    <ELEMENTS>
     <SCOMELDTLN>
      <INTF_NAME>ZRND_IC_MAIN_IF</INTF_NAME>
      <ELEM_TYPE>CLAS</ELEM_TYPE>
      <ELEM_KEY>ZCL_RNDIC_SELECT_IMPL</ELEM_KEY>
     </SCOMELDTLN>
    </ELEMENTS>
   </PINF>
  </asx:values>
 </asx:abap>
</abapGit>
