﻿<?xml version="1.0" encoding="utf-8"?>
<abapGit version="v1.0.0" serializer="LCL_OBJECT_IWSG" serializer_version="v1.0.0">
 <asx:abap xmlns:asx="http://www.sap.com/abapxml" version="1.0">
  <asx:values>
   <_-IWFND_-I_MED_SIN>
    <_-IWFND_-I_MED_SIN>
     <SRV_IDENTIFIER>ZRNDIC_MB5B_FM_SRV_0001</SRV_IDENTIFIER>
     <IS_ACTIVE>A</IS_ACTIVE>
     <NAME>BEP_SVC_EXT_DATA_SRC_TYPE</NAME>
     <VALUE>C</VALUE>
    </_-IWFND_-I_MED_SIN>
    <_-IWFND_-I_MED_SIN>
     <SRV_IDENTIFIER>ZRNDIC_MB5B_FM_SRV_0001</SRV_IDENTIFIER>
     <IS_ACTIVE>A</IS_ACTIVE>
     <NAME>BEP_SVC_EXT_SERVICE_NAME</NAME>
     <VALUE>ZRNDIC_MB5B_FM_SRV</VALUE>
    </_-IWFND_-I_MED_SIN>
    <_-IWFND_-I_MED_SIN>
     <SRV_IDENTIFIER>ZRNDIC_MB5B_FM_SRV_0001</SRV_IDENTIFIER>
     <IS_ACTIVE>A</IS_ACTIVE>
     <NAME>BEP_SVC_GENERATOR</NAME>
     <VALUE>/IWFND/MAINT_SERVICE</VALUE>
    </_-IWFND_-I_MED_SIN>
    <_-IWFND_-I_MED_SIN>
     <SRV_IDENTIFIER>ZRNDIC_MB5B_FM_SRV_0001</SRV_IDENTIFIER>
     <IS_ACTIVE>A</IS_ACTIVE>
     <NAME>BEP_SVC_SERVICE_IDENT</NAME>
     <VALUE>ZRNDIC_MB5B_FM_SRV_0001</VALUE>
    </_-IWFND_-I_MED_SIN>
    <_-IWFND_-I_MED_SIN>
     <SRV_IDENTIFIER>ZRNDIC_MB5B_FM_SRV_0001</SRV_IDENTIFIER>
     <IS_ACTIVE>A</IS_ACTIVE>
     <NAME>BEP_SVC_SERVICE_NAME</NAME>
     <VALUE>ZRNDIC_MB5B_FM_SRV</VALUE>
    </_-IWFND_-I_MED_SIN>
    <_-IWFND_-I_MED_SIN>
     <SRV_IDENTIFIER>ZRNDIC_MB5B_FM_SRV_0001</SRV_IDENTIFIER>
     <IS_ACTIVE>A</IS_ACTIVE>
     <NAME>BEP_SVC_SERVICE_VERSION</NAME>
     <VALUE>0001</VALUE>
    </_-IWFND_-I_MED_SIN>
    <_-IWFND_-I_MED_SIN>
     <SRV_IDENTIFIER>ZRNDIC_MB5B_FM_SRV_0001</SRV_IDENTIFIER>
     <IS_ACTIVE>A</IS_ACTIVE>
     <NAME>BEP_SVC_SOURCE_SYSTEM</NAME>
     <VALUE>LOCAL</VALUE>
    </_-IWFND_-I_MED_SIN>
    <_-IWFND_-I_MED_SIN>
     <SRV_IDENTIFIER>ZRNDIC_MB5B_FM_SRV_0001</SRV_IDENTIFIER>
     <IS_ACTIVE>A</IS_ACTIVE>
     <NAME>BEP_SVC_TECHNICAL_NAME</NAME>
     <VALUE>ZRNDIC_MB5B_FM_SRV</VALUE>
    </_-IWFND_-I_MED_SIN>
    <_-IWFND_-I_MED_SIN>
     <SRV_IDENTIFIER>ZRNDIC_MB5B_FM_SRV_0001</SRV_IDENTIFIER>
     <IS_ACTIVE>A</IS_ACTIVE>
     <NAME>BEP_SVC_VERSION</NAME>
     <VALUE>0001</VALUE>
    </_-IWFND_-I_MED_SIN>
   </_-IWFND_-I_MED_SIN>
   <_-IWFND_-I_MED_SRG>
    <_-IWFND_-I_MED_SRG>
     <SRV_IDENTIFIER>ZRNDIC_MB5B_FM_SRV_0001</SRV_IDENTIFIER>
     <IS_ACTIVE>A</IS_ACTIVE>
     <MODEL_IDENTIFIER>ZRNDIC_MB5B_FM_MDL_0001_BE</MODEL_IDENTIFIER>
     <FOR_DATA_PROV>01</FOR_DATA_PROV>
    </_-IWFND_-I_MED_SRG>
   </_-IWFND_-I_MED_SRG>
   <_-IWFND_-I_MED_SRH>
    <_-IWFND_-I_MED_SRH>
     <SRV_IDENTIFIER>ZRNDIC_MB5B_FM_SRV_0001</SRV_IDENTIFIER>
     <IS_ACTIVE>A</IS_ACTIVE>
     <OBJECT_NAME>ZRNDIC_MB5B_FM_SRV</OBJECT_NAME>
     <SERVICE_NAME>ZRNDIC_MB5B_FM_SRV</SERVICE_NAME>
     <SERVICE_VERSION>0001</SERVICE_VERSION>
     <CREATED_BY>AKANTSAVAYA</CREATED_BY>
     <CHANGED_BY>AKANTSAVAYA</CHANGED_BY>
     <CREATED_TIMESTMP>20200123102734</CREATED_TIMESTMP>
     <CHANGED_TIMESTMP>20200123102734</CHANGED_TIMESTMP>
    </_-IWFND_-I_MED_SRH>
   </_-IWFND_-I_MED_SRH>
   <_-IWFND_-I_MED_SRT>
    <_-IWFND_-I_MED_SRT>
     <SRV_IDENTIFIER>ZRNDIC_MB5B_FM_SRV_0001</SRV_IDENTIFIER>
     <IS_ACTIVE>A</IS_ACTIVE>
     <LANGUAGE>E</LANGUAGE>
     <DESCRIPTION>FMs specific to MB5B transaction</DESCRIPTION>
    </_-IWFND_-I_MED_SRT>
   </_-IWFND_-I_MED_SRT>
  </asx:values>
 </asx:abap>
</abapGit>
