﻿<?xml version="1.0" encoding="utf-8"?>
<abapGit version="v1.0.0" serializer="LCL_OBJECT_IWPR" serializer_version="v1.0.0">
 <asx:abap xmlns:asx="http://www.sap.com/abapxml" version="1.0">
  <asx:values>
   <_-IWBEP_-I_SBD_GA>
    <_-IWBEP_-I_SBD_GA>
     <PROJECT>ZRNDIC_MB5B_FM</PROJECT>
     <NODE_UUID>AFBWizboHtqPhawpVg3gtw==</NODE_UUID>
     <CREATION_USER_ID>DEVELOPER3</CREATION_USER_ID>
     <CREATION_TIME>20200121090651.998</CREATION_TIME>
     <LAST_CHG_USER_ID>DEVELOPER3</LAST_CHG_USER_ID>
     <LAST_CHG_TIME>20200225131146.749</LAST_CHG_TIME>
     <NAME>ZCL_ZRNDIC_MB5B_FM_MPC</NAME>
     <PGMID>R3TR</PGMID>
     <TROBJ_TYPE>CLAS</TROBJ_TYPE>
     <TROBJ_NAME>ZCL_ZRNDIC_MB5B_FM_MPC</TROBJ_NAME>
     <GEN_ART_TYPE>MPCB</GEN_ART_TYPE>
    </_-IWBEP_-I_SBD_GA>
    <_-IWBEP_-I_SBD_GA>
     <PROJECT>ZRNDIC_MB5B_FM</PROJECT>
     <NODE_UUID>AFBWizboHtqPhawpVg4Atw==</NODE_UUID>
     <CREATION_USER_ID>DEVELOPER3</CREATION_USER_ID>
     <CREATION_TIME>20200121090651.998</CREATION_TIME>
     <LAST_CHG_USER_ID>DEVELOPER3</LAST_CHG_USER_ID>
     <LAST_CHG_TIME>20200225131146.749</LAST_CHG_TIME>
     <NAME>ZCL_ZRNDIC_MB5B_FM_MPC_EXT</NAME>
     <PGMID>R3TR</PGMID>
     <TROBJ_TYPE>CLAS</TROBJ_TYPE>
     <TROBJ_NAME>ZCL_ZRNDIC_MB5B_FM_MPC_EXT</TROBJ_NAME>
     <GEN_ART_TYPE>MPCS</GEN_ART_TYPE>
    </_-IWBEP_-I_SBD_GA>
    <_-IWBEP_-I_SBD_GA>
     <PROJECT>ZRNDIC_MB5B_FM</PROJECT>
     <NODE_UUID>AFBWizboHtqPhawpVg4gtw==</NODE_UUID>
     <CREATION_USER_ID>DEVELOPER3</CREATION_USER_ID>
     <CREATION_TIME>20200121090658.388</CREATION_TIME>
     <NAME>ZCL_ZRNDIC_MB5B_FM_DPC</NAME>
     <PGMID>R3TR</PGMID>
     <TROBJ_TYPE>CLAS</TROBJ_TYPE>
     <TROBJ_NAME>ZCL_ZRNDIC_MB5B_FM_DPC</TROBJ_NAME>
     <GEN_ART_TYPE>DPCB</GEN_ART_TYPE>
    </_-IWBEP_-I_SBD_GA>
    <_-IWBEP_-I_SBD_GA>
     <PROJECT>ZRNDIC_MB5B_FM</PROJECT>
     <NODE_UUID>AFBWizboHtqPhawpVg5Atw==</NODE_UUID>
     <CREATION_USER_ID>DEVELOPER3</CREATION_USER_ID>
     <CREATION_TIME>20200121090700.357</CREATION_TIME>
     <NAME>ZCL_ZRNDIC_MB5B_FM_DPC_EXT</NAME>
     <PGMID>R3TR</PGMID>
     <TROBJ_TYPE>CLAS</TROBJ_TYPE>
     <TROBJ_NAME>ZCL_ZRNDIC_MB5B_FM_DPC_EXT</TROBJ_NAME>
     <GEN_ART_TYPE>DPCS</GEN_ART_TYPE>
    </_-IWBEP_-I_SBD_GA>
    <_-IWBEP_-I_SBD_GA>
     <PROJECT>ZRNDIC_MB5B_FM</PROJECT>
     <NODE_UUID>AFBWizboHtqPhawpVg5gtw==</NODE_UUID>
     <CREATION_USER_ID>DEVELOPER3</CREATION_USER_ID>
     <CREATION_TIME>20200121090701.435</CREATION_TIME>
     <NAME>ZRNDIC_MB5B_FM_MDL</NAME>
     <PGMID>R3TR</PGMID>
     <TROBJ_TYPE>IWMO</TROBJ_TYPE>
     <TROBJ_NAME>ZRNDIC_MB5B_FM_MDL</TROBJ_NAME>
     <GEN_ART_TYPE>MDL</GEN_ART_TYPE>
    </_-IWBEP_-I_SBD_GA>
    <_-IWBEP_-I_SBD_GA>
     <PROJECT>ZRNDIC_MB5B_FM</PROJECT>
     <NODE_UUID>AFBWizboHtqPhawpVg6Atw==</NODE_UUID>
     <CREATION_USER_ID>DEVELOPER3</CREATION_USER_ID>
     <CREATION_TIME>20200121090701.435</CREATION_TIME>
     <NAME>ZRNDIC_MB5B_FM_SRV</NAME>
     <PGMID>R3TR</PGMID>
     <TROBJ_TYPE>IWSV</TROBJ_TYPE>
     <TROBJ_NAME>ZRNDIC_MB5B_FM_SRV</TROBJ_NAME>
     <GEN_ART_TYPE>SRV</GEN_ART_TYPE>
    </_-IWBEP_-I_SBD_GA>
   </_-IWBEP_-I_SBD_GA>
   <_-IWBEP_-I_SBD_GAT>
    <_-IWBEP_-I_SBD_GAT>
     <SYLANGU>E</SYLANGU>
     <PROJECT>ZRNDIC_MB5B_FM</PROJECT>
     <NODE_UUID>AFBWizboHtqPhawpVg3gtw==</NODE_UUID>
    </_-IWBEP_-I_SBD_GAT>
    <_-IWBEP_-I_SBD_GAT>
     <SYLANGU>E</SYLANGU>
     <PROJECT>ZRNDIC_MB5B_FM</PROJECT>
     <NODE_UUID>AFBWizboHtqPhawpVg4Atw==</NODE_UUID>
    </_-IWBEP_-I_SBD_GAT>
    <_-IWBEP_-I_SBD_GAT>
     <SYLANGU>E</SYLANGU>
     <PROJECT>ZRNDIC_MB5B_FM</PROJECT>
     <NODE_UUID>AFBWizboHtqPhawpVg4gtw==</NODE_UUID>
    </_-IWBEP_-I_SBD_GAT>
    <_-IWBEP_-I_SBD_GAT>
     <SYLANGU>E</SYLANGU>
     <PROJECT>ZRNDIC_MB5B_FM</PROJECT>
     <NODE_UUID>AFBWizboHtqPhawpVg5Atw==</NODE_UUID>
    </_-IWBEP_-I_SBD_GAT>
    <_-IWBEP_-I_SBD_GAT>
     <SYLANGU>E</SYLANGU>
     <PROJECT>ZRNDIC_MB5B_FM</PROJECT>
     <NODE_UUID>AFBWizboHtqPhawpVg5gtw==</NODE_UUID>
    </_-IWBEP_-I_SBD_GAT>
    <_-IWBEP_-I_SBD_GAT>
     <SYLANGU>E</SYLANGU>
     <PROJECT>ZRNDIC_MB5B_FM</PROJECT>
     <NODE_UUID>AFBWizboHtqPhawpVg6Atw==</NODE_UUID>
    </_-IWBEP_-I_SBD_GAT>
   </_-IWBEP_-I_SBD_GAT>
   <_-IWBEP_-I_SBD_MD>
    <_-IWBEP_-I_SBD_MD>
     <PROJECT>ZRNDIC_MB5B_FM</PROJECT>
     <NODE_UUID>AFBWizboHtqO84qgnwjgtw==</NODE_UUID>
     <NODE_UUID_PA>AFBWizboHtqO84qgnv7Atw==</NODE_UUID_PA>
     <PLUGIN_PA>/IWBEP/CORE</PLUGIN_PA>
     <NODE_TYPE_PA>PROJ</NODE_TYPE_PA>
     <TECHNICAL_NAME>ZRNDIC_MB5B_FM_MDL</TECHNICAL_NAME>
     <VERSION>0001</VERSION>
     <MPC>ZCL_ZRNDIC_MB5B_FM_MPC_EXT</MPC>
    </_-IWBEP_-I_SBD_MD>
   </_-IWBEP_-I_SBD_MD>
   <_-IWBEP_-I_SBD_MDT>
    <_-IWBEP_-I_SBD_MDT>
     <SYLANGU>E</SYLANGU>
     <PROJECT>ZRNDIC_MB5B_FM</PROJECT>
     <NODE_UUID>AFBWizboHtqO84qgnwjgtw==</NODE_UUID>
    </_-IWBEP_-I_SBD_MDT>
   </_-IWBEP_-I_SBD_MDT>
   <_-IWBEP_-I_SBD_NOI>
    <_-IWBEP_-I_SBD_NOI>
     <PROJECT>ZRNDIC_MB5B_FM</PROJECT>
     <NODE_UUID>AFBWizboHtqO84qgnv7Atw==</NODE_UUID>
    </_-IWBEP_-I_SBD_NOI>
    <_-IWBEP_-I_SBD_NOI>
     <PROJECT>ZRNDIC_MB5B_FM</PROJECT>
     <NODE_UUID>AFBWizboHtqO84qgnwjgtw==</NODE_UUID>
    </_-IWBEP_-I_SBD_NOI>
    <_-IWBEP_-I_SBD_NOI>
     <PROJECT>ZRNDIC_MB5B_FM</PROJECT>
     <NODE_UUID>AFBWizboHtqO84qgnwrAtw==</NODE_UUID>
    </_-IWBEP_-I_SBD_NOI>
    <_-IWBEP_-I_SBD_NOI>
     <PROJECT>ZRNDIC_MB5B_FM</PROJECT>
     <NODE_UUID>AFBWizboHtqO84qgnwrgtw==</NODE_UUID>
    </_-IWBEP_-I_SBD_NOI>
    <_-IWBEP_-I_SBD_NOI>
     <PROJECT>ZRNDIC_MB5B_FM</PROJECT>
     <NODE_UUID>AFBWizboHtqO84qgnwsgtw==</NODE_UUID>
    </_-IWBEP_-I_SBD_NOI>
    <_-IWBEP_-I_SBD_NOI>
     <PROJECT>ZRNDIC_MB5B_FM</PROJECT>
     <NODE_UUID>AFBWizboHtqO84qgnwtgtw==</NODE_UUID>
    </_-IWBEP_-I_SBD_NOI>
    <_-IWBEP_-I_SBD_NOI>
     <PROJECT>ZRNDIC_MB5B_FM</PROJECT>
     <NODE_UUID>AFBWizboHtqO84qgnwuAtw==</NODE_UUID>
    </_-IWBEP_-I_SBD_NOI>
    <_-IWBEP_-I_SBD_NOI>
     <PROJECT>ZRNDIC_MB5B_FM</PROJECT>
     <NODE_UUID>AFBWizboHtqO84qgnwugtw==</NODE_UUID>
    </_-IWBEP_-I_SBD_NOI>
    <_-IWBEP_-I_SBD_NOI>
     <PROJECT>ZRNDIC_MB5B_FM</PROJECT>
     <NODE_UUID>AFBWizboHtqO84qgnwvAtw==</NODE_UUID>
    </_-IWBEP_-I_SBD_NOI>
    <_-IWBEP_-I_SBD_NOI>
     <PROJECT>ZRNDIC_MB5B_FM</PROJECT>
     <NODE_UUID>AFBWizboHtqO84qgnwvgtw==</NODE_UUID>
    </_-IWBEP_-I_SBD_NOI>
    <_-IWBEP_-I_SBD_NOI>
     <PROJECT>ZRNDIC_MB5B_FM</PROJECT>
     <NODE_UUID>AFBWizboHtqO84qgnwwAtw==</NODE_UUID>
    </_-IWBEP_-I_SBD_NOI>
    <_-IWBEP_-I_SBD_NOI>
     <PROJECT>ZRNDIC_MB5B_FM</PROJECT>
     <NODE_UUID>AFBWizboHtqO84qgnwxgtw==</NODE_UUID>
    </_-IWBEP_-I_SBD_NOI>
    <_-IWBEP_-I_SBD_NOI>
     <PROJECT>ZRNDIC_MB5B_FM</PROJECT>
     <NODE_UUID>AFBWizboHtqO84qgnwzgtw==</NODE_UUID>
    </_-IWBEP_-I_SBD_NOI>
    <_-IWBEP_-I_SBD_NOI>
     <PROJECT>ZRNDIC_MB5B_FM</PROJECT>
     <NODE_UUID>AFBWizboHtqO84qgnw0Atw==</NODE_UUID>
    </_-IWBEP_-I_SBD_NOI>
    <_-IWBEP_-I_SBD_NOI>
     <PROJECT>ZRNDIC_MB5B_FM</PROJECT>
     <NODE_UUID>AFBWizboHtqO84qgnw0gtw==</NODE_UUID>
    </_-IWBEP_-I_SBD_NOI>
    <_-IWBEP_-I_SBD_NOI>
     <PROJECT>ZRNDIC_MB5B_FM</PROJECT>
     <NODE_UUID>AFBWizboHtqO84qgnw1gtw==</NODE_UUID>
    </_-IWBEP_-I_SBD_NOI>
    <_-IWBEP_-I_SBD_NOI>
     <PROJECT>ZRNDIC_MB5B_FM</PROJECT>
     <NODE_UUID>AFBWizboHtqO84qgnw2Atw==</NODE_UUID>
    </_-IWBEP_-I_SBD_NOI>
    <_-IWBEP_-I_SBD_NOI>
     <PROJECT>ZRNDIC_MB5B_FM</PROJECT>
     <NODE_UUID>AFBWizboHtqO84qgnw3Atw==</NODE_UUID>
    </_-IWBEP_-I_SBD_NOI>
    <_-IWBEP_-I_SBD_NOI>
     <PROJECT>ZRNDIC_MB5B_FM</PROJECT>
     <NODE_UUID>AFBWizboHtqO84qgnw3gtw==</NODE_UUID>
    </_-IWBEP_-I_SBD_NOI>
    <_-IWBEP_-I_SBD_NOI>
     <PROJECT>ZRNDIC_MB5B_FM</PROJECT>
     <NODE_UUID>AFBWizboHtqO84qgnw4Atw==</NODE_UUID>
    </_-IWBEP_-I_SBD_NOI>
    <_-IWBEP_-I_SBD_NOI>
     <PROJECT>ZRNDIC_MB5B_FM</PROJECT>
     <NODE_UUID>AFBWizboHtqO84qgnw4gtw==</NODE_UUID>
    </_-IWBEP_-I_SBD_NOI>
    <_-IWBEP_-I_SBD_NOI>
     <PROJECT>ZRNDIC_MB5B_FM</PROJECT>
     <NODE_UUID>AFBWizboHtqO84qgnw5Atw==</NODE_UUID>
    </_-IWBEP_-I_SBD_NOI>
    <_-IWBEP_-I_SBD_NOI>
     <PROJECT>ZRNDIC_MB5B_FM</PROJECT>
     <NODE_UUID>AFBWizboHtqPhWbPixqAtw==</NODE_UUID>
    </_-IWBEP_-I_SBD_NOI>
    <_-IWBEP_-I_SBD_NOI>
     <PROJECT>ZRNDIC_MB5B_FM</PROJECT>
     <NODE_UUID>AFBWizboHtqPhXLz+Lpgtw==</NODE_UUID>
    </_-IWBEP_-I_SBD_NOI>
    <_-IWBEP_-I_SBD_NOI>
     <PROJECT>ZRNDIC_MB5B_FM</PROJECT>
     <NODE_UUID>AFBWizboHtqPhXLz+LqAtw==</NODE_UUID>
    </_-IWBEP_-I_SBD_NOI>
    <_-IWBEP_-I_SBD_NOI>
     <PROJECT>ZRNDIC_MB5B_FM</PROJECT>
     <NODE_UUID>AFBWizboHtqPhXLz+Lqgtw==</NODE_UUID>
    </_-IWBEP_-I_SBD_NOI>
    <_-IWBEP_-I_SBD_NOI>
     <PROJECT>ZRNDIC_MB5B_FM</PROJECT>
     <NODE_UUID>AFBWizboHtqPhXLz+LrAtw==</NODE_UUID>
    </_-IWBEP_-I_SBD_NOI>
    <_-IWBEP_-I_SBD_NOI>
     <PROJECT>ZRNDIC_MB5B_FM</PROJECT>
     <NODE_UUID>AFBWizboHtqPhXLz+Lrgtw==</NODE_UUID>
    </_-IWBEP_-I_SBD_NOI>
    <_-IWBEP_-I_SBD_NOI>
     <PROJECT>ZRNDIC_MB5B_FM</PROJECT>
     <NODE_UUID>AFBWizboHtqPhXLz+LsAtw==</NODE_UUID>
    </_-IWBEP_-I_SBD_NOI>
    <_-IWBEP_-I_SBD_NOI>
     <PROJECT>ZRNDIC_MB5B_FM</PROJECT>
     <NODE_UUID>AFBWizboHtqPhXLz+Lsgtw==</NODE_UUID>
    </_-IWBEP_-I_SBD_NOI>
    <_-IWBEP_-I_SBD_NOI>
     <PROJECT>ZRNDIC_MB5B_FM</PROJECT>
     <NODE_UUID>AFBWizboHtqPhXLz+LtAtw==</NODE_UUID>
    </_-IWBEP_-I_SBD_NOI>
    <_-IWBEP_-I_SBD_NOI>
     <PROJECT>ZRNDIC_MB5B_FM</PROJECT>
     <NODE_UUID>AFBWizboHtqPhXLz+Ltgtw==</NODE_UUID>
    </_-IWBEP_-I_SBD_NOI>
    <_-IWBEP_-I_SBD_NOI>
     <PROJECT>ZRNDIC_MB5B_FM</PROJECT>
     <NODE_UUID>AFBWizboHtqPhXLz+LuAtw==</NODE_UUID>
    </_-IWBEP_-I_SBD_NOI>
    <_-IWBEP_-I_SBD_NOI>
     <PROJECT>ZRNDIC_MB5B_FM</PROJECT>
     <NODE_UUID>AFBWizboHtqPhXLz+Lugtw==</NODE_UUID>
    </_-IWBEP_-I_SBD_NOI>
    <_-IWBEP_-I_SBD_NOI>
     <PROJECT>ZRNDIC_MB5B_FM</PROJECT>
     <NODE_UUID>AFBWizboHtqPhXLz+LvAtw==</NODE_UUID>
    </_-IWBEP_-I_SBD_NOI>
    <_-IWBEP_-I_SBD_NOI>
     <PROJECT>ZRNDIC_MB5B_FM</PROJECT>
     <NODE_UUID>AFBWizboHtqPhXLz+Lvgtw==</NODE_UUID>
    </_-IWBEP_-I_SBD_NOI>
    <_-IWBEP_-I_SBD_NOI>
     <PROJECT>ZRNDIC_MB5B_FM</PROJECT>
     <NODE_UUID>AFBWizboHtqPhXLz+LwAtw==</NODE_UUID>
    </_-IWBEP_-I_SBD_NOI>
    <_-IWBEP_-I_SBD_NOI>
     <PROJECT>ZRNDIC_MB5B_FM</PROJECT>
     <NODE_UUID>AFBWizboHtqPhXLz+Lwgtw==</NODE_UUID>
    </_-IWBEP_-I_SBD_NOI>
    <_-IWBEP_-I_SBD_NOI>
     <PROJECT>ZRNDIC_MB5B_FM</PROJECT>
     <NODE_UUID>AFBWizboHtqPhXLz+LxAtw==</NODE_UUID>
    </_-IWBEP_-I_SBD_NOI>
    <_-IWBEP_-I_SBD_NOI>
     <PROJECT>ZRNDIC_MB5B_FM</PROJECT>
     <NODE_UUID>AFBWizboHtqPhXLz+Lxgtw==</NODE_UUID>
    </_-IWBEP_-I_SBD_NOI>
    <_-IWBEP_-I_SBD_NOI>
     <PROJECT>ZRNDIC_MB5B_FM</PROJECT>
     <NODE_UUID>AFBWizboHtqPhXLz+LyAtw==</NODE_UUID>
    </_-IWBEP_-I_SBD_NOI>
    <_-IWBEP_-I_SBD_NOI>
     <PROJECT>ZRNDIC_MB5B_FM</PROJECT>
     <NODE_UUID>AFBWizboHtqPhXLz+Lygtw==</NODE_UUID>
    </_-IWBEP_-I_SBD_NOI>
    <_-IWBEP_-I_SBD_NOI>
     <PROJECT>ZRNDIC_MB5B_FM</PROJECT>
     <NODE_UUID>AFBWizboHtqPhXLz+LzAtw==</NODE_UUID>
    </_-IWBEP_-I_SBD_NOI>
    <_-IWBEP_-I_SBD_NOI>
     <PROJECT>ZRNDIC_MB5B_FM</PROJECT>
     <NODE_UUID>AFBWizboHtqPhXLz+Lzgtw==</NODE_UUID>
    </_-IWBEP_-I_SBD_NOI>
    <_-IWBEP_-I_SBD_NOI>
     <PROJECT>ZRNDIC_MB5B_FM</PROJECT>
     <NODE_UUID>AFBWizboHtqPhXLz+L0Atw==</NODE_UUID>
    </_-IWBEP_-I_SBD_NOI>
    <_-IWBEP_-I_SBD_NOI>
     <PROJECT>ZRNDIC_MB5B_FM</PROJECT>
     <NODE_UUID>AFBWizboHtqPhXLz+L0gtw==</NODE_UUID>
    </_-IWBEP_-I_SBD_NOI>
    <_-IWBEP_-I_SBD_NOI>
     <PROJECT>ZRNDIC_MB5B_FM</PROJECT>
     <NODE_UUID>AFBWizboHtqPhXLz+L1Atw==</NODE_UUID>
    </_-IWBEP_-I_SBD_NOI>
    <_-IWBEP_-I_SBD_NOI>
     <PROJECT>ZRNDIC_MB5B_FM</PROJECT>
     <NODE_UUID>AFBWizboHtqPhXLz+L1gtw==</NODE_UUID>
    </_-IWBEP_-I_SBD_NOI>
    <_-IWBEP_-I_SBD_NOI>
     <PROJECT>ZRNDIC_MB5B_FM</PROJECT>
     <NODE_UUID>AFBWizboHtqPhXLz+L2Atw==</NODE_UUID>
    </_-IWBEP_-I_SBD_NOI>
    <_-IWBEP_-I_SBD_NOI>
     <PROJECT>ZRNDIC_MB5B_FM</PROJECT>
     <NODE_UUID>AFBWizboHtqPhXLz+L2gtw==</NODE_UUID>
    </_-IWBEP_-I_SBD_NOI>
    <_-IWBEP_-I_SBD_NOI>
     <PROJECT>ZRNDIC_MB5B_FM</PROJECT>
     <NODE_UUID>AFBWizboHtqPhXLz+L3Atw==</NODE_UUID>
    </_-IWBEP_-I_SBD_NOI>
    <_-IWBEP_-I_SBD_NOI>
     <PROJECT>ZRNDIC_MB5B_FM</PROJECT>
     <NODE_UUID>AFBWizboHtqPhXLz+L3gtw==</NODE_UUID>
    </_-IWBEP_-I_SBD_NOI>
    <_-IWBEP_-I_SBD_NOI>
     <PROJECT>ZRNDIC_MB5B_FM</PROJECT>
     <NODE_UUID>AFBWizboHtqPhXLz+L4Atw==</NODE_UUID>
    </_-IWBEP_-I_SBD_NOI>
    <_-IWBEP_-I_SBD_NOI>
     <PROJECT>ZRNDIC_MB5B_FM</PROJECT>
     <NODE_UUID>AFBWizboHtqPhXLz+L4gtw==</NODE_UUID>
    </_-IWBEP_-I_SBD_NOI>
    <_-IWBEP_-I_SBD_NOI>
     <PROJECT>ZRNDIC_MB5B_FM</PROJECT>
     <NODE_UUID>AFBWizboHtqPhXLz+L5Atw==</NODE_UUID>
    </_-IWBEP_-I_SBD_NOI>
    <_-IWBEP_-I_SBD_NOI>
     <PROJECT>ZRNDIC_MB5B_FM</PROJECT>
     <NODE_UUID>AFBWizboHtqPhXLz+L5gtw==</NODE_UUID>
    </_-IWBEP_-I_SBD_NOI>
    <_-IWBEP_-I_SBD_NOI>
     <PROJECT>ZRNDIC_MB5B_FM</PROJECT>
     <NODE_UUID>AFBWizboHtqPhXLz+L6Atw==</NODE_UUID>
    </_-IWBEP_-I_SBD_NOI>
    <_-IWBEP_-I_SBD_NOI>
     <PROJECT>ZRNDIC_MB5B_FM</PROJECT>
     <NODE_UUID>AFBWizboHtqPhXLz+L6gtw==</NODE_UUID>
    </_-IWBEP_-I_SBD_NOI>
    <_-IWBEP_-I_SBD_NOI>
     <PROJECT>ZRNDIC_MB5B_FM</PROJECT>
     <NODE_UUID>AFBWizboHtqPhXLz+L7Atw==</NODE_UUID>
    </_-IWBEP_-I_SBD_NOI>
    <_-IWBEP_-I_SBD_NOI>
     <PROJECT>ZRNDIC_MB5B_FM</PROJECT>
     <NODE_UUID>AFBWizboHtqPhXLz+L7gtw==</NODE_UUID>
    </_-IWBEP_-I_SBD_NOI>
    <_-IWBEP_-I_SBD_NOI>
     <PROJECT>ZRNDIC_MB5B_FM</PROJECT>
     <NODE_UUID>AFBWizboHtqPhXLz+L8Atw==</NODE_UUID>
    </_-IWBEP_-I_SBD_NOI>
    <_-IWBEP_-I_SBD_NOI>
     <PROJECT>ZRNDIC_MB5B_FM</PROJECT>
     <NODE_UUID>AFBWizboHtqPhXLz+L8gtw==</NODE_UUID>
    </_-IWBEP_-I_SBD_NOI>
    <_-IWBEP_-I_SBD_NOI>
     <PROJECT>ZRNDIC_MB5B_FM</PROJECT>
     <NODE_UUID>AFBWizboHtqPhXLz+L9Atw==</NODE_UUID>
    </_-IWBEP_-I_SBD_NOI>
    <_-IWBEP_-I_SBD_NOI>
     <PROJECT>ZRNDIC_MB5B_FM</PROJECT>
     <NODE_UUID>AFBWizboHtqPhXLz+L9gtw==</NODE_UUID>
    </_-IWBEP_-I_SBD_NOI>
    <_-IWBEP_-I_SBD_NOI>
     <PROJECT>ZRNDIC_MB5B_FM</PROJECT>
     <NODE_UUID>AFBWizboHtqPhXLz+L+Atw==</NODE_UUID>
    </_-IWBEP_-I_SBD_NOI>
    <_-IWBEP_-I_SBD_NOI>
     <PROJECT>ZRNDIC_MB5B_FM</PROJECT>
     <NODE_UUID>AFBWizboHtqPhXmseWrgtw==</NODE_UUID>
    </_-IWBEP_-I_SBD_NOI>
    <_-IWBEP_-I_SBD_NOI>
     <PROJECT>ZRNDIC_MB5B_FM</PROJECT>
     <NODE_UUID>AFBWizboHtqPhXmseWsAtw==</NODE_UUID>
    </_-IWBEP_-I_SBD_NOI>
    <_-IWBEP_-I_SBD_NOI>
     <PROJECT>ZRNDIC_MB5B_FM</PROJECT>
     <NODE_UUID>AFBWizboHtqPhXqHOhSgtw==</NODE_UUID>
    </_-IWBEP_-I_SBD_NOI>
    <_-IWBEP_-I_SBD_NOI>
     <PROJECT>ZRNDIC_MB5B_FM</PROJECT>
     <NODE_UUID>AFBWizboHtqPhYk+5CnAtw==</NODE_UUID>
    </_-IWBEP_-I_SBD_NOI>
    <_-IWBEP_-I_SBD_NOI>
     <PROJECT>ZRNDIC_MB5B_FM</PROJECT>
     <NODE_UUID>AFBWizboHtqPhY1wYytgtw==</NODE_UUID>
    </_-IWBEP_-I_SBD_NOI>
    <_-IWBEP_-I_SBD_NOI>
     <PROJECT>ZRNDIC_MB5B_FM</PROJECT>
     <NODE_UUID>AFBWizboHtqPhY1wYyuAtw==</NODE_UUID>
    </_-IWBEP_-I_SBD_NOI>
    <_-IWBEP_-I_SBD_NOI>
     <PROJECT>ZRNDIC_MB5B_FM</PROJECT>
     <NODE_UUID>AFBWizboHtqPhY1wYzDgtw==</NODE_UUID>
    </_-IWBEP_-I_SBD_NOI>
    <_-IWBEP_-I_SBD_NOI>
     <PROJECT>ZRNDIC_MB5B_FM</PROJECT>
     <NODE_UUID>AFBWizboHtqPhZELGcYgtw==</NODE_UUID>
    </_-IWBEP_-I_SBD_NOI>
    <_-IWBEP_-I_SBD_NOI>
     <PROJECT>ZRNDIC_MB5B_FM</PROJECT>
     <NODE_UUID>AFBWizboHtqPhZELGcZAtw==</NODE_UUID>
    </_-IWBEP_-I_SBD_NOI>
    <_-IWBEP_-I_SBD_NOI>
     <PROJECT>ZRNDIC_MB5B_FM</PROJECT>
     <NODE_UUID>AFBWizboHtqPhZIHgpGAtw==</NODE_UUID>
    </_-IWBEP_-I_SBD_NOI>
    <_-IWBEP_-I_SBD_NOI>
     <PROJECT>ZRNDIC_MB5B_FM</PROJECT>
     <NODE_UUID>AFBWizboHtqPhZT604LAtw==</NODE_UUID>
    </_-IWBEP_-I_SBD_NOI>
    <_-IWBEP_-I_SBD_NOI>
     <PROJECT>ZRNDIC_MB5B_FM</PROJECT>
     <NODE_UUID>AFBWizboHtqPhZT604Lgtw==</NODE_UUID>
    </_-IWBEP_-I_SBD_NOI>
    <_-IWBEP_-I_SBD_NOI>
     <PROJECT>ZRNDIC_MB5B_FM</PROJECT>
     <NODE_UUID>AFBWizboHtqPhZT62GYAtw==</NODE_UUID>
    </_-IWBEP_-I_SBD_NOI>
    <_-IWBEP_-I_SBD_NOI>
     <PROJECT>ZRNDIC_MB5B_FM</PROJECT>
     <NODE_UUID>AFBWizboHtqPhZn787zAtw==</NODE_UUID>
    </_-IWBEP_-I_SBD_NOI>
    <_-IWBEP_-I_SBD_NOI>
     <PROJECT>ZRNDIC_MB5B_FM</PROJECT>
     <NODE_UUID>AFBWizboHtqPhZn787zgtw==</NODE_UUID>
    </_-IWBEP_-I_SBD_NOI>
    <_-IWBEP_-I_SBD_NOI>
     <PROJECT>ZRNDIC_MB5B_FM</PROJECT>
     <NODE_UUID>AFBWizboHtqPhZszX1vAtw==</NODE_UUID>
    </_-IWBEP_-I_SBD_NOI>
    <_-IWBEP_-I_SBD_NOI>
     <PROJECT>ZRNDIC_MB5B_FM</PROJECT>
     <NODE_UUID>AFBWizboHtqPhawpVg3gtw==</NODE_UUID>
    </_-IWBEP_-I_SBD_NOI>
    <_-IWBEP_-I_SBD_NOI>
     <PROJECT>ZRNDIC_MB5B_FM</PROJECT>
     <NODE_UUID>AFBWizboHtqPhawpVg4Atw==</NODE_UUID>
    </_-IWBEP_-I_SBD_NOI>
    <_-IWBEP_-I_SBD_NOI>
     <PROJECT>ZRNDIC_MB5B_FM</PROJECT>
     <NODE_UUID>AFBWizboHtqPhawpVg4gtw==</NODE_UUID>
    </_-IWBEP_-I_SBD_NOI>
    <_-IWBEP_-I_SBD_NOI>
     <PROJECT>ZRNDIC_MB5B_FM</PROJECT>
     <NODE_UUID>AFBWizboHtqPhawpVg5Atw==</NODE_UUID>
    </_-IWBEP_-I_SBD_NOI>
    <_-IWBEP_-I_SBD_NOI>
     <PROJECT>ZRNDIC_MB5B_FM</PROJECT>
     <NODE_UUID>AFBWizboHtqPhawpVg5gtw==</NODE_UUID>
    </_-IWBEP_-I_SBD_NOI>
    <_-IWBEP_-I_SBD_NOI>
     <PROJECT>ZRNDIC_MB5B_FM</PROJECT>
     <NODE_UUID>AFBWizboHtqPhawpVg6Atw==</NODE_UUID>
    </_-IWBEP_-I_SBD_NOI>
    <_-IWBEP_-I_SBD_NOI>
     <PROJECT>ZRNDIC_MB5B_FM</PROJECT>
     <NODE_UUID>AFBWizboHtqPh2STR3ugtw==</NODE_UUID>
    </_-IWBEP_-I_SBD_NOI>
    <_-IWBEP_-I_SBD_NOI>
     <PROJECT>ZRNDIC_MB5B_FM</PROJECT>
     <NODE_UUID>AFBWizboHtqPvbym9n4gtw==</NODE_UUID>
    </_-IWBEP_-I_SBD_NOI>
    <_-IWBEP_-I_SBD_NOI>
     <PROJECT>ZRNDIC_MB5B_FM</PROJECT>
     <NODE_UUID>AFBWizboHtqPvb/q5bMgtw==</NODE_UUID>
    </_-IWBEP_-I_SBD_NOI>
    <_-IWBEP_-I_SBD_NOI>
     <PROJECT>ZRNDIC_MB5B_FM</PROJECT>
     <NODE_UUID>AFBWizboHtqPvb/q5bNAtw==</NODE_UUID>
    </_-IWBEP_-I_SBD_NOI>
    <_-IWBEP_-I_SBD_NOI>
     <PROJECT>ZRNDIC_MB5B_FM</PROJECT>
     <NODE_UUID>AFBWizboHtqPvb/q5bNgtw==</NODE_UUID>
    </_-IWBEP_-I_SBD_NOI>
    <_-IWBEP_-I_SBD_NOI>
     <PROJECT>ZRNDIC_MB5B_FM</PROJECT>
     <NODE_UUID>AFBWizboHtqPvb/q5bOAtw==</NODE_UUID>
    </_-IWBEP_-I_SBD_NOI>
    <_-IWBEP_-I_SBD_NOI>
     <PROJECT>ZRNDIC_MB5B_FM</PROJECT>
     <NODE_UUID>AFBWizboHtqPvcrJmZugtw==</NODE_UUID>
    </_-IWBEP_-I_SBD_NOI>
    <_-IWBEP_-I_SBD_NOI>
     <PROJECT>ZRNDIC_MB5B_FM</PROJECT>
     <NODE_UUID>AFBWizboHtqPvcrJmZvAtw==</NODE_UUID>
    </_-IWBEP_-I_SBD_NOI>
    <_-IWBEP_-I_SBD_NOI>
     <PROJECT>ZRNDIC_MB5B_FM</PROJECT>
     <NODE_UUID>AFBWizboHtqPvcrJmZvgtw==</NODE_UUID>
    </_-IWBEP_-I_SBD_NOI>
    <_-IWBEP_-I_SBD_NOI>
     <PROJECT>ZRNDIC_MB5B_FM</PROJECT>
     <NODE_UUID>AFBWizboHtqPvcrJmZwAtw==</NODE_UUID>
    </_-IWBEP_-I_SBD_NOI>
    <_-IWBEP_-I_SBD_NOI>
     <PROJECT>ZRNDIC_MB5B_FM</PROJECT>
     <NODE_UUID>AFBWizboHtqPvcrJmZwgtw==</NODE_UUID>
    </_-IWBEP_-I_SBD_NOI>
    <_-IWBEP_-I_SBD_NOI>
     <PROJECT>ZRNDIC_MB5B_FM</PROJECT>
     <NODE_UUID>AFBWizboHtqPvcrJmZxAtw==</NODE_UUID>
    </_-IWBEP_-I_SBD_NOI>
    <_-IWBEP_-I_SBD_NOI>
     <PROJECT>ZRNDIC_MB5B_FM</PROJECT>
     <NODE_UUID>AFBWizboHtqPvcrJmZxgtw==</NODE_UUID>
    </_-IWBEP_-I_SBD_NOI>
    <_-IWBEP_-I_SBD_NOI>
     <PROJECT>ZRNDIC_MB5B_FM</PROJECT>
     <NODE_UUID>AFBWizboHtqPvcxDEkDgtw==</NODE_UUID>
    </_-IWBEP_-I_SBD_NOI>
    <_-IWBEP_-I_SBD_NOI>
     <PROJECT>ZRNDIC_MB5B_FM</PROJECT>
     <NODE_UUID>AFBWizboHtqPvcxDEkEAtw==</NODE_UUID>
    </_-IWBEP_-I_SBD_NOI>
    <_-IWBEP_-I_SBD_NOI>
     <PROJECT>ZRNDIC_MB5B_FM</PROJECT>
     <NODE_UUID>AFBWizboHtqPvc3f125gtw==</NODE_UUID>
    </_-IWBEP_-I_SBD_NOI>
    <_-IWBEP_-I_SBD_NOI>
     <PROJECT>ZRNDIC_MB5B_FM</PROJECT>
     <NODE_UUID>AFBWizboHtqQnNMRBAEguA==</NODE_UUID>
    </_-IWBEP_-I_SBD_NOI>
   </_-IWBEP_-I_SBD_NOI>
   <_-IWBEP_-I_SBD_OP>
    <_-IWBEP_-I_SBD_OP>
     <PROJECT>ZRNDIC_MB5B_FM</PROJECT>
     <NODE_UUID>AFBWizboHtqPhXLz+Lqgtw==</NODE_UUID>
     <PARENT_UUID>AFBWizboHtqPhXLz+LqAtw==</PARENT_UUID>
     <NAME>Create</NAME>
     <OPERATION_TYPE>C</OPERATION_TYPE>
     <IMP_METHOD>HEADERSET_CREATE_ENTITY</IMP_METHOD>
    </_-IWBEP_-I_SBD_OP>
    <_-IWBEP_-I_SBD_OP>
     <PROJECT>ZRNDIC_MB5B_FM</PROJECT>
     <NODE_UUID>AFBWizboHtqPhXLz+LrAtw==</NODE_UUID>
     <PARENT_UUID>AFBWizboHtqPhXLz+LqAtw==</PARENT_UUID>
     <NAME>GetEntity (Read)</NAME>
     <OPERATION_TYPE>R</OPERATION_TYPE>
     <IMP_METHOD>HEADERSET_GET_ENTITY</IMP_METHOD>
    </_-IWBEP_-I_SBD_OP>
    <_-IWBEP_-I_SBD_OP>
     <PROJECT>ZRNDIC_MB5B_FM</PROJECT>
     <NODE_UUID>AFBWizboHtqPhXLz+Lrgtw==</NODE_UUID>
     <PARENT_UUID>AFBWizboHtqPhXLz+LqAtw==</PARENT_UUID>
     <NAME>Update</NAME>
     <OPERATION_TYPE>U</OPERATION_TYPE>
     <IMP_METHOD>HEADERSET_UPDATE_ENTITY</IMP_METHOD>
    </_-IWBEP_-I_SBD_OP>
    <_-IWBEP_-I_SBD_OP>
     <PROJECT>ZRNDIC_MB5B_FM</PROJECT>
     <NODE_UUID>AFBWizboHtqPhXLz+LsAtw==</NODE_UUID>
     <PARENT_UUID>AFBWizboHtqPhXLz+LqAtw==</PARENT_UUID>
     <NAME>Delete</NAME>
     <OPERATION_TYPE>D</OPERATION_TYPE>
     <IMP_METHOD>HEADERSET_DELETE_ENTITY</IMP_METHOD>
    </_-IWBEP_-I_SBD_OP>
    <_-IWBEP_-I_SBD_OP>
     <PROJECT>ZRNDIC_MB5B_FM</PROJECT>
     <NODE_UUID>AFBWizboHtqPhXLz+Lsgtw==</NODE_UUID>
     <PARENT_UUID>AFBWizboHtqPhXLz+LqAtw==</PARENT_UUID>
     <NAME>GetEntitySet (Query)</NAME>
     <OPERATION_TYPE>Q</OPERATION_TYPE>
     <IMP_METHOD>HEADERSET_GET_ENTITYSET</IMP_METHOD>
    </_-IWBEP_-I_SBD_OP>
    <_-IWBEP_-I_SBD_OP>
     <PROJECT>ZRNDIC_MB5B_FM</PROJECT>
     <NODE_UUID>AFBWizboHtqPhXLz+LuAtw==</NODE_UUID>
     <PARENT_UUID>AFBWizboHtqPhXLz+Ltgtw==</PARENT_UUID>
     <NAME>Create</NAME>
     <OPERATION_TYPE>C</OPERATION_TYPE>
     <IMP_METHOD>SELOPTIONSSET_CREATE_ENTITY</IMP_METHOD>
    </_-IWBEP_-I_SBD_OP>
    <_-IWBEP_-I_SBD_OP>
     <PROJECT>ZRNDIC_MB5B_FM</PROJECT>
     <NODE_UUID>AFBWizboHtqPhXLz+Lugtw==</NODE_UUID>
     <PARENT_UUID>AFBWizboHtqPhXLz+Ltgtw==</PARENT_UUID>
     <NAME>GetEntity (Read)</NAME>
     <OPERATION_TYPE>R</OPERATION_TYPE>
     <IMP_METHOD>SELOPTIONSSET_GET_ENTITY</IMP_METHOD>
    </_-IWBEP_-I_SBD_OP>
    <_-IWBEP_-I_SBD_OP>
     <PROJECT>ZRNDIC_MB5B_FM</PROJECT>
     <NODE_UUID>AFBWizboHtqPhXLz+LvAtw==</NODE_UUID>
     <PARENT_UUID>AFBWizboHtqPhXLz+Ltgtw==</PARENT_UUID>
     <NAME>Update</NAME>
     <OPERATION_TYPE>U</OPERATION_TYPE>
     <IMP_METHOD>SELOPTIONSSET_UPDATE_ENTITY</IMP_METHOD>
    </_-IWBEP_-I_SBD_OP>
    <_-IWBEP_-I_SBD_OP>
     <PROJECT>ZRNDIC_MB5B_FM</PROJECT>
     <NODE_UUID>AFBWizboHtqPhXLz+Lvgtw==</NODE_UUID>
     <PARENT_UUID>AFBWizboHtqPhXLz+Ltgtw==</PARENT_UUID>
     <NAME>Delete</NAME>
     <OPERATION_TYPE>D</OPERATION_TYPE>
     <IMP_METHOD>SELOPTIONSSET_DELETE_ENTITY</IMP_METHOD>
    </_-IWBEP_-I_SBD_OP>
    <_-IWBEP_-I_SBD_OP>
     <PROJECT>ZRNDIC_MB5B_FM</PROJECT>
     <NODE_UUID>AFBWizboHtqPhXLz+LwAtw==</NODE_UUID>
     <PARENT_UUID>AFBWizboHtqPhXLz+Ltgtw==</PARENT_UUID>
     <NAME>GetEntitySet (Query)</NAME>
     <OPERATION_TYPE>Q</OPERATION_TYPE>
     <IMP_METHOD>SELOPTIONSSET_GET_ENTITYSET</IMP_METHOD>
    </_-IWBEP_-I_SBD_OP>
    <_-IWBEP_-I_SBD_OP>
     <PROJECT>ZRNDIC_MB5B_FM</PROJECT>
     <NODE_UUID>AFBWizboHtqPhXLz+Lxgtw==</NODE_UUID>
     <PARENT_UUID>AFBWizboHtqPhXLz+LxAtw==</PARENT_UUID>
     <NAME>Create</NAME>
     <OPERATION_TYPE>C</OPERATION_TYPE>
     <IMP_METHOD>SELOPTPROPERTYSE_CREATE_ENTITY</IMP_METHOD>
    </_-IWBEP_-I_SBD_OP>
    <_-IWBEP_-I_SBD_OP>
     <PROJECT>ZRNDIC_MB5B_FM</PROJECT>
     <NODE_UUID>AFBWizboHtqPhXLz+LyAtw==</NODE_UUID>
     <PARENT_UUID>AFBWizboHtqPhXLz+LxAtw==</PARENT_UUID>
     <NAME>GetEntity (Read)</NAME>
     <OPERATION_TYPE>R</OPERATION_TYPE>
     <IMP_METHOD>SELOPTPROPERTYSE_GET_ENTITY</IMP_METHOD>
    </_-IWBEP_-I_SBD_OP>
    <_-IWBEP_-I_SBD_OP>
     <PROJECT>ZRNDIC_MB5B_FM</PROJECT>
     <NODE_UUID>AFBWizboHtqPhXLz+Lygtw==</NODE_UUID>
     <PARENT_UUID>AFBWizboHtqPhXLz+LxAtw==</PARENT_UUID>
     <NAME>Update</NAME>
     <OPERATION_TYPE>U</OPERATION_TYPE>
     <IMP_METHOD>SELOPTPROPERTYSE_UPDATE_ENTITY</IMP_METHOD>
    </_-IWBEP_-I_SBD_OP>
    <_-IWBEP_-I_SBD_OP>
     <PROJECT>ZRNDIC_MB5B_FM</PROJECT>
     <NODE_UUID>AFBWizboHtqPhXLz+LzAtw==</NODE_UUID>
     <PARENT_UUID>AFBWizboHtqPhXLz+LxAtw==</PARENT_UUID>
     <NAME>Delete</NAME>
     <OPERATION_TYPE>D</OPERATION_TYPE>
     <IMP_METHOD>SELOPTPROPERTYSE_DELETE_ENTITY</IMP_METHOD>
    </_-IWBEP_-I_SBD_OP>
    <_-IWBEP_-I_SBD_OP>
     <PROJECT>ZRNDIC_MB5B_FM</PROJECT>
     <NODE_UUID>AFBWizboHtqPhXLz+Lzgtw==</NODE_UUID>
     <PARENT_UUID>AFBWizboHtqPhXLz+LxAtw==</PARENT_UUID>
     <NAME>GetEntitySet (Query)</NAME>
     <OPERATION_TYPE>Q</OPERATION_TYPE>
     <IMP_METHOD>SELOPTPROPERTYSE_GET_ENTITYSET</IMP_METHOD>
    </_-IWBEP_-I_SBD_OP>
    <_-IWBEP_-I_SBD_OP>
     <PROJECT>ZRNDIC_MB5B_FM</PROJECT>
     <NODE_UUID>AFBWizboHtqPhXLz+L1Atw==</NODE_UUID>
     <PARENT_UUID>AFBWizboHtqPhXLz+L0gtw==</PARENT_UUID>
     <NAME>Create</NAME>
     <OPERATION_TYPE>C</OPERATION_TYPE>
     <IMP_METHOD>SINGLEFIELDSET_CREATE_ENTITY</IMP_METHOD>
    </_-IWBEP_-I_SBD_OP>
    <_-IWBEP_-I_SBD_OP>
     <PROJECT>ZRNDIC_MB5B_FM</PROJECT>
     <NODE_UUID>AFBWizboHtqPhXLz+L1gtw==</NODE_UUID>
     <PARENT_UUID>AFBWizboHtqPhXLz+L0gtw==</PARENT_UUID>
     <NAME>GetEntity (Read)</NAME>
     <OPERATION_TYPE>R</OPERATION_TYPE>
     <IMP_METHOD>SINGLEFIELDSET_GET_ENTITY</IMP_METHOD>
    </_-IWBEP_-I_SBD_OP>
    <_-IWBEP_-I_SBD_OP>
     <PROJECT>ZRNDIC_MB5B_FM</PROJECT>
     <NODE_UUID>AFBWizboHtqPhXLz+L2Atw==</NODE_UUID>
     <PARENT_UUID>AFBWizboHtqPhXLz+L0gtw==</PARENT_UUID>
     <NAME>Update</NAME>
     <OPERATION_TYPE>U</OPERATION_TYPE>
     <IMP_METHOD>SINGLEFIELDSET_UPDATE_ENTITY</IMP_METHOD>
    </_-IWBEP_-I_SBD_OP>
    <_-IWBEP_-I_SBD_OP>
     <PROJECT>ZRNDIC_MB5B_FM</PROJECT>
     <NODE_UUID>AFBWizboHtqPhXLz+L2gtw==</NODE_UUID>
     <PARENT_UUID>AFBWizboHtqPhXLz+L0gtw==</PARENT_UUID>
     <NAME>Delete</NAME>
     <OPERATION_TYPE>D</OPERATION_TYPE>
     <IMP_METHOD>SINGLEFIELDSET_DELETE_ENTITY</IMP_METHOD>
    </_-IWBEP_-I_SBD_OP>
    <_-IWBEP_-I_SBD_OP>
     <PROJECT>ZRNDIC_MB5B_FM</PROJECT>
     <NODE_UUID>AFBWizboHtqPhXLz+L3Atw==</NODE_UUID>
     <PARENT_UUID>AFBWizboHtqPhXLz+L0gtw==</PARENT_UUID>
     <NAME>GetEntitySet (Query)</NAME>
     <OPERATION_TYPE>Q</OPERATION_TYPE>
     <IMP_METHOD>SINGLEFIELDSET_GET_ENTITYSET</IMP_METHOD>
    </_-IWBEP_-I_SBD_OP>
    <_-IWBEP_-I_SBD_OP>
     <PROJECT>ZRNDIC_MB5B_FM</PROJECT>
     <NODE_UUID>AFBWizboHtqPhXLz+L4gtw==</NODE_UUID>
     <PARENT_UUID>AFBWizboHtqPhXLz+L4Atw==</PARENT_UUID>
     <NAME>Create</NAME>
     <OPERATION_TYPE>C</OPERATION_TYPE>
     <IMP_METHOD>TABLESET_CREATE_ENTITY</IMP_METHOD>
    </_-IWBEP_-I_SBD_OP>
    <_-IWBEP_-I_SBD_OP>
     <PROJECT>ZRNDIC_MB5B_FM</PROJECT>
     <NODE_UUID>AFBWizboHtqPhXLz+L5Atw==</NODE_UUID>
     <PARENT_UUID>AFBWizboHtqPhXLz+L4Atw==</PARENT_UUID>
     <NAME>GetEntity (Read)</NAME>
     <OPERATION_TYPE>R</OPERATION_TYPE>
     <IMP_METHOD>TABLESET_GET_ENTITY</IMP_METHOD>
    </_-IWBEP_-I_SBD_OP>
    <_-IWBEP_-I_SBD_OP>
     <PROJECT>ZRNDIC_MB5B_FM</PROJECT>
     <NODE_UUID>AFBWizboHtqPhXLz+L5gtw==</NODE_UUID>
     <PARENT_UUID>AFBWizboHtqPhXLz+L4Atw==</PARENT_UUID>
     <NAME>Update</NAME>
     <OPERATION_TYPE>U</OPERATION_TYPE>
     <IMP_METHOD>TABLESET_UPDATE_ENTITY</IMP_METHOD>
    </_-IWBEP_-I_SBD_OP>
    <_-IWBEP_-I_SBD_OP>
     <PROJECT>ZRNDIC_MB5B_FM</PROJECT>
     <NODE_UUID>AFBWizboHtqPhXLz+L6Atw==</NODE_UUID>
     <PARENT_UUID>AFBWizboHtqPhXLz+L4Atw==</PARENT_UUID>
     <NAME>Delete</NAME>
     <OPERATION_TYPE>D</OPERATION_TYPE>
     <IMP_METHOD>TABLESET_DELETE_ENTITY</IMP_METHOD>
    </_-IWBEP_-I_SBD_OP>
    <_-IWBEP_-I_SBD_OP>
     <PROJECT>ZRNDIC_MB5B_FM</PROJECT>
     <NODE_UUID>AFBWizboHtqPhXLz+L6gtw==</NODE_UUID>
     <PARENT_UUID>AFBWizboHtqPhXLz+L4Atw==</PARENT_UUID>
     <NAME>GetEntitySet (Query)</NAME>
     <OPERATION_TYPE>Q</OPERATION_TYPE>
     <IMP_METHOD>TABLESET_GET_ENTITYSET</IMP_METHOD>
    </_-IWBEP_-I_SBD_OP>
    <_-IWBEP_-I_SBD_OP>
     <PROJECT>ZRNDIC_MB5B_FM</PROJECT>
     <NODE_UUID>AFBWizboHtqPhXLz+L8Atw==</NODE_UUID>
     <PARENT_UUID>AFBWizboHtqPhXLz+L7gtw==</PARENT_UUID>
     <NAME>Create</NAME>
     <OPERATION_TYPE>C</OPERATION_TYPE>
     <IMP_METHOD>TABLECONTENTSET_CREATE_ENTITY</IMP_METHOD>
    </_-IWBEP_-I_SBD_OP>
    <_-IWBEP_-I_SBD_OP>
     <PROJECT>ZRNDIC_MB5B_FM</PROJECT>
     <NODE_UUID>AFBWizboHtqPhXLz+L8gtw==</NODE_UUID>
     <PARENT_UUID>AFBWizboHtqPhXLz+L7gtw==</PARENT_UUID>
     <NAME>GetEntity (Read)</NAME>
     <OPERATION_TYPE>R</OPERATION_TYPE>
     <IMP_METHOD>TABLECONTENTSET_GET_ENTITY</IMP_METHOD>
    </_-IWBEP_-I_SBD_OP>
    <_-IWBEP_-I_SBD_OP>
     <PROJECT>ZRNDIC_MB5B_FM</PROJECT>
     <NODE_UUID>AFBWizboHtqPhXLz+L9Atw==</NODE_UUID>
     <PARENT_UUID>AFBWizboHtqPhXLz+L7gtw==</PARENT_UUID>
     <NAME>Update</NAME>
     <OPERATION_TYPE>U</OPERATION_TYPE>
     <IMP_METHOD>TABLECONTENTSET_UPDATE_ENTITY</IMP_METHOD>
    </_-IWBEP_-I_SBD_OP>
    <_-IWBEP_-I_SBD_OP>
     <PROJECT>ZRNDIC_MB5B_FM</PROJECT>
     <NODE_UUID>AFBWizboHtqPhXLz+L9gtw==</NODE_UUID>
     <PARENT_UUID>AFBWizboHtqPhXLz+L7gtw==</PARENT_UUID>
     <NAME>Delete</NAME>
     <OPERATION_TYPE>D</OPERATION_TYPE>
     <IMP_METHOD>TABLECONTENTSET_DELETE_ENTITY</IMP_METHOD>
    </_-IWBEP_-I_SBD_OP>
    <_-IWBEP_-I_SBD_OP>
     <PROJECT>ZRNDIC_MB5B_FM</PROJECT>
     <NODE_UUID>AFBWizboHtqPhXLz+L+Atw==</NODE_UUID>
     <PARENT_UUID>AFBWizboHtqPhXLz+L7gtw==</PARENT_UUID>
     <NAME>GetEntitySet (Query)</NAME>
     <OPERATION_TYPE>Q</OPERATION_TYPE>
     <IMP_METHOD>TABLECONTENTSET_GET_ENTITYSET</IMP_METHOD>
    </_-IWBEP_-I_SBD_OP>
    <_-IWBEP_-I_SBD_OP>
     <PROJECT>ZRNDIC_MB5B_FM</PROJECT>
     <NODE_UUID>AFBWizboHtqPvcrJmZvgtw==</NODE_UUID>
     <PARENT_UUID>AFBWizboHtqPvcrJmZvAtw==</PARENT_UUID>
     <NAME>Create</NAME>
     <OPERATION_TYPE>C</OPERATION_TYPE>
     <IMP_METHOD>RESULTSET_CREATE_ENTITY</IMP_METHOD>
    </_-IWBEP_-I_SBD_OP>
    <_-IWBEP_-I_SBD_OP>
     <PROJECT>ZRNDIC_MB5B_FM</PROJECT>
     <NODE_UUID>AFBWizboHtqPvcrJmZwAtw==</NODE_UUID>
     <PARENT_UUID>AFBWizboHtqPvcrJmZvAtw==</PARENT_UUID>
     <NAME>GetEntity (Read)</NAME>
     <OPERATION_TYPE>R</OPERATION_TYPE>
     <IMP_METHOD>RESULTSET_GET_ENTITY</IMP_METHOD>
    </_-IWBEP_-I_SBD_OP>
    <_-IWBEP_-I_SBD_OP>
     <PROJECT>ZRNDIC_MB5B_FM</PROJECT>
     <NODE_UUID>AFBWizboHtqPvcrJmZwgtw==</NODE_UUID>
     <PARENT_UUID>AFBWizboHtqPvcrJmZvAtw==</PARENT_UUID>
     <NAME>Update</NAME>
     <OPERATION_TYPE>U</OPERATION_TYPE>
     <IMP_METHOD>RESULTSET_UPDATE_ENTITY</IMP_METHOD>
    </_-IWBEP_-I_SBD_OP>
    <_-IWBEP_-I_SBD_OP>
     <PROJECT>ZRNDIC_MB5B_FM</PROJECT>
     <NODE_UUID>AFBWizboHtqPvcrJmZxAtw==</NODE_UUID>
     <PARENT_UUID>AFBWizboHtqPvcrJmZvAtw==</PARENT_UUID>
     <NAME>Delete</NAME>
     <OPERATION_TYPE>D</OPERATION_TYPE>
     <IMP_METHOD>RESULTSET_DELETE_ENTITY</IMP_METHOD>
    </_-IWBEP_-I_SBD_OP>
    <_-IWBEP_-I_SBD_OP>
     <PROJECT>ZRNDIC_MB5B_FM</PROJECT>
     <NODE_UUID>AFBWizboHtqPvcrJmZxgtw==</NODE_UUID>
     <PARENT_UUID>AFBWizboHtqPvcrJmZvAtw==</PARENT_UUID>
     <NAME>GetEntitySet (Query)</NAME>
     <OPERATION_TYPE>Q</OPERATION_TYPE>
     <IMP_METHOD>RESULTSET_GET_ENTITYSET</IMP_METHOD>
    </_-IWBEP_-I_SBD_OP>
   </_-IWBEP_-I_SBD_OP>
   <_-IWBEP_-I_SBD_OPT>
    <_-IWBEP_-I_SBD_OPT>
     <SYLANGU>E</SYLANGU>
     <PROJECT>ZRNDIC_MB5B_FM</PROJECT>
     <NODE_UUID>AFBWizboHtqPhXLz+Lqgtw==</NODE_UUID>
    </_-IWBEP_-I_SBD_OPT>
    <_-IWBEP_-I_SBD_OPT>
     <SYLANGU>E</SYLANGU>
     <PROJECT>ZRNDIC_MB5B_FM</PROJECT>
     <NODE_UUID>AFBWizboHtqPhXLz+LrAtw==</NODE_UUID>
    </_-IWBEP_-I_SBD_OPT>
    <_-IWBEP_-I_SBD_OPT>
     <SYLANGU>E</SYLANGU>
     <PROJECT>ZRNDIC_MB5B_FM</PROJECT>
     <NODE_UUID>AFBWizboHtqPhXLz+Lrgtw==</NODE_UUID>
    </_-IWBEP_-I_SBD_OPT>
    <_-IWBEP_-I_SBD_OPT>
     <SYLANGU>E</SYLANGU>
     <PROJECT>ZRNDIC_MB5B_FM</PROJECT>
     <NODE_UUID>AFBWizboHtqPhXLz+LsAtw==</NODE_UUID>
    </_-IWBEP_-I_SBD_OPT>
    <_-IWBEP_-I_SBD_OPT>
     <SYLANGU>E</SYLANGU>
     <PROJECT>ZRNDIC_MB5B_FM</PROJECT>
     <NODE_UUID>AFBWizboHtqPhXLz+Lsgtw==</NODE_UUID>
    </_-IWBEP_-I_SBD_OPT>
    <_-IWBEP_-I_SBD_OPT>
     <SYLANGU>E</SYLANGU>
     <PROJECT>ZRNDIC_MB5B_FM</PROJECT>
     <NODE_UUID>AFBWizboHtqPhXLz+LuAtw==</NODE_UUID>
    </_-IWBEP_-I_SBD_OPT>
    <_-IWBEP_-I_SBD_OPT>
     <SYLANGU>E</SYLANGU>
     <PROJECT>ZRNDIC_MB5B_FM</PROJECT>
     <NODE_UUID>AFBWizboHtqPhXLz+Lugtw==</NODE_UUID>
    </_-IWBEP_-I_SBD_OPT>
    <_-IWBEP_-I_SBD_OPT>
     <SYLANGU>E</SYLANGU>
     <PROJECT>ZRNDIC_MB5B_FM</PROJECT>
     <NODE_UUID>AFBWizboHtqPhXLz+LvAtw==</NODE_UUID>
    </_-IWBEP_-I_SBD_OPT>
    <_-IWBEP_-I_SBD_OPT>
     <SYLANGU>E</SYLANGU>
     <PROJECT>ZRNDIC_MB5B_FM</PROJECT>
     <NODE_UUID>AFBWizboHtqPhXLz+Lvgtw==</NODE_UUID>
    </_-IWBEP_-I_SBD_OPT>
    <_-IWBEP_-I_SBD_OPT>
     <SYLANGU>E</SYLANGU>
     <PROJECT>ZRNDIC_MB5B_FM</PROJECT>
     <NODE_UUID>AFBWizboHtqPhXLz+LwAtw==</NODE_UUID>
    </_-IWBEP_-I_SBD_OPT>
    <_-IWBEP_-I_SBD_OPT>
     <SYLANGU>E</SYLANGU>
     <PROJECT>ZRNDIC_MB5B_FM</PROJECT>
     <NODE_UUID>AFBWizboHtqPhXLz+Lxgtw==</NODE_UUID>
    </_-IWBEP_-I_SBD_OPT>
    <_-IWBEP_-I_SBD_OPT>
     <SYLANGU>E</SYLANGU>
     <PROJECT>ZRNDIC_MB5B_FM</PROJECT>
     <NODE_UUID>AFBWizboHtqPhXLz+LyAtw==</NODE_UUID>
    </_-IWBEP_-I_SBD_OPT>
    <_-IWBEP_-I_SBD_OPT>
     <SYLANGU>E</SYLANGU>
     <PROJECT>ZRNDIC_MB5B_FM</PROJECT>
     <NODE_UUID>AFBWizboHtqPhXLz+Lygtw==</NODE_UUID>
    </_-IWBEP_-I_SBD_OPT>
    <_-IWBEP_-I_SBD_OPT>
     <SYLANGU>E</SYLANGU>
     <PROJECT>ZRNDIC_MB5B_FM</PROJECT>
     <NODE_UUID>AFBWizboHtqPhXLz+LzAtw==</NODE_UUID>
    </_-IWBEP_-I_SBD_OPT>
    <_-IWBEP_-I_SBD_OPT>
     <SYLANGU>E</SYLANGU>
     <PROJECT>ZRNDIC_MB5B_FM</PROJECT>
     <NODE_UUID>AFBWizboHtqPhXLz+Lzgtw==</NODE_UUID>
    </_-IWBEP_-I_SBD_OPT>
    <_-IWBEP_-I_SBD_OPT>
     <SYLANGU>E</SYLANGU>
     <PROJECT>ZRNDIC_MB5B_FM</PROJECT>
     <NODE_UUID>AFBWizboHtqPhXLz+L1Atw==</NODE_UUID>
    </_-IWBEP_-I_SBD_OPT>
    <_-IWBEP_-I_SBD_OPT>
     <SYLANGU>E</SYLANGU>
     <PROJECT>ZRNDIC_MB5B_FM</PROJECT>
     <NODE_UUID>AFBWizboHtqPhXLz+L1gtw==</NODE_UUID>
    </_-IWBEP_-I_SBD_OPT>
    <_-IWBEP_-I_SBD_OPT>
     <SYLANGU>E</SYLANGU>
     <PROJECT>ZRNDIC_MB5B_FM</PROJECT>
     <NODE_UUID>AFBWizboHtqPhXLz+L2Atw==</NODE_UUID>
    </_-IWBEP_-I_SBD_OPT>
    <_-IWBEP_-I_SBD_OPT>
     <SYLANGU>E</SYLANGU>
     <PROJECT>ZRNDIC_MB5B_FM</PROJECT>
     <NODE_UUID>AFBWizboHtqPhXLz+L2gtw==</NODE_UUID>
    </_-IWBEP_-I_SBD_OPT>
    <_-IWBEP_-I_SBD_OPT>
     <SYLANGU>E</SYLANGU>
     <PROJECT>ZRNDIC_MB5B_FM</PROJECT>
     <NODE_UUID>AFBWizboHtqPhXLz+L3Atw==</NODE_UUID>
    </_-IWBEP_-I_SBD_OPT>
    <_-IWBEP_-I_SBD_OPT>
     <SYLANGU>E</SYLANGU>
     <PROJECT>ZRNDIC_MB5B_FM</PROJECT>
     <NODE_UUID>AFBWizboHtqPhXLz+L4gtw==</NODE_UUID>
    </_-IWBEP_-I_SBD_OPT>
    <_-IWBEP_-I_SBD_OPT>
     <SYLANGU>E</SYLANGU>
     <PROJECT>ZRNDIC_MB5B_FM</PROJECT>
     <NODE_UUID>AFBWizboHtqPhXLz+L5Atw==</NODE_UUID>
    </_-IWBEP_-I_SBD_OPT>
    <_-IWBEP_-I_SBD_OPT>
     <SYLANGU>E</SYLANGU>
     <PROJECT>ZRNDIC_MB5B_FM</PROJECT>
     <NODE_UUID>AFBWizboHtqPhXLz+L5gtw==</NODE_UUID>
    </_-IWBEP_-I_SBD_OPT>
    <_-IWBEP_-I_SBD_OPT>
     <SYLANGU>E</SYLANGU>
     <PROJECT>ZRNDIC_MB5B_FM</PROJECT>
     <NODE_UUID>AFBWizboHtqPhXLz+L6Atw==</NODE_UUID>
    </_-IWBEP_-I_SBD_OPT>
    <_-IWBEP_-I_SBD_OPT>
     <SYLANGU>E</SYLANGU>
     <PROJECT>ZRNDIC_MB5B_FM</PROJECT>
     <NODE_UUID>AFBWizboHtqPhXLz+L6gtw==</NODE_UUID>
    </_-IWBEP_-I_SBD_OPT>
    <_-IWBEP_-I_SBD_OPT>
     <SYLANGU>E</SYLANGU>
     <PROJECT>ZRNDIC_MB5B_FM</PROJECT>
     <NODE_UUID>AFBWizboHtqPhXLz+L8Atw==</NODE_UUID>
    </_-IWBEP_-I_SBD_OPT>
    <_-IWBEP_-I_SBD_OPT>
     <SYLANGU>E</SYLANGU>
     <PROJECT>ZRNDIC_MB5B_FM</PROJECT>
     <NODE_UUID>AFBWizboHtqPhXLz+L8gtw==</NODE_UUID>
    </_-IWBEP_-I_SBD_OPT>
    <_-IWBEP_-I_SBD_OPT>
     <SYLANGU>E</SYLANGU>
     <PROJECT>ZRNDIC_MB5B_FM</PROJECT>
     <NODE_UUID>AFBWizboHtqPhXLz+L9Atw==</NODE_UUID>
    </_-IWBEP_-I_SBD_OPT>
    <_-IWBEP_-I_SBD_OPT>
     <SYLANGU>E</SYLANGU>
     <PROJECT>ZRNDIC_MB5B_FM</PROJECT>
     <NODE_UUID>AFBWizboHtqPhXLz+L9gtw==</NODE_UUID>
    </_-IWBEP_-I_SBD_OPT>
    <_-IWBEP_-I_SBD_OPT>
     <SYLANGU>E</SYLANGU>
     <PROJECT>ZRNDIC_MB5B_FM</PROJECT>
     <NODE_UUID>AFBWizboHtqPhXLz+L+Atw==</NODE_UUID>
    </_-IWBEP_-I_SBD_OPT>
    <_-IWBEP_-I_SBD_OPT>
     <SYLANGU>E</SYLANGU>
     <PROJECT>ZRNDIC_MB5B_FM</PROJECT>
     <NODE_UUID>AFBWizboHtqPvcrJmZvgtw==</NODE_UUID>
    </_-IWBEP_-I_SBD_OPT>
    <_-IWBEP_-I_SBD_OPT>
     <SYLANGU>E</SYLANGU>
     <PROJECT>ZRNDIC_MB5B_FM</PROJECT>
     <NODE_UUID>AFBWizboHtqPvcrJmZwAtw==</NODE_UUID>
    </_-IWBEP_-I_SBD_OPT>
    <_-IWBEP_-I_SBD_OPT>
     <SYLANGU>E</SYLANGU>
     <PROJECT>ZRNDIC_MB5B_FM</PROJECT>
     <NODE_UUID>AFBWizboHtqPvcrJmZwgtw==</NODE_UUID>
    </_-IWBEP_-I_SBD_OPT>
    <_-IWBEP_-I_SBD_OPT>
     <SYLANGU>E</SYLANGU>
     <PROJECT>ZRNDIC_MB5B_FM</PROJECT>
     <NODE_UUID>AFBWizboHtqPvcrJmZxAtw==</NODE_UUID>
    </_-IWBEP_-I_SBD_OPT>
    <_-IWBEP_-I_SBD_OPT>
     <SYLANGU>E</SYLANGU>
     <PROJECT>ZRNDIC_MB5B_FM</PROJECT>
     <NODE_UUID>AFBWizboHtqPvcrJmZxgtw==</NODE_UUID>
    </_-IWBEP_-I_SBD_OPT>
   </_-IWBEP_-I_SBD_OPT>
   <_-IWBEP_-I_SBD_PR>
    <_-IWBEP_-I_SBD_PR>
     <PROJECT>ZRNDIC_MB5B_FM</PROJECT>
     <NODE_UUID>AFBWizboHtqO84qgnv7Atw==</NODE_UUID>
     <CREATION_USER_ID>DEVELOPER3</CREATION_USER_ID>
     <CREATION_TIME>20200120154842.554</CREATION_TIME>
     <LAST_CHG_USER_ID>DEVELOPER3</LAST_CHG_USER_ID>
     <LAST_CHG_TIME>20200225131153.015</LAST_CHG_TIME>
     <LAST_CHG_STATE>AFBWizboHtqV+gvP6JDAuQ==</LAST_CHG_STATE>
     <PLUGIN>/IWBEP/GEN</PLUGIN>
     <STRAT_NAME>0001</STRAT_NAME>
     <STRAT_VERSION>0001</STRAT_VERSION>
     <PROJECT_TYPE>1</PROJECT_TYPE>
    </_-IWBEP_-I_SBD_PR>
   </_-IWBEP_-I_SBD_PR>
   <_-IWBEP_-I_SBD_PRT>
    <_-IWBEP_-I_SBD_PRT>
     <PROJECT>ZRNDIC_MB5B_FM</PROJECT>
     <SYLANGU>E</SYLANGU>
     <DESCRIPTION>FMs specific to MB5B transaction</DESCRIPTION>
    </_-IWBEP_-I_SBD_PRT>
   </_-IWBEP_-I_SBD_PRT>
   <_-IWBEP_-I_SBD_SE>
    <_-IWBEP_-I_SBD_SE>
     <PROJECT>ZRNDIC_MB5B_FM</PROJECT>
     <NODE_UUID>AFBWizboHtqPhXLz+LqAtw==</NODE_UUID>
     <PARENT_UUID>AFBWizboHtqO84qgnw5Atw==</PARENT_UUID>
     <NAME>HeaderSet</NAME>
     <ENTITY_SET_UUID>AFBWizboHtqPhXLz+Lpgtw==</ENTITY_SET_UUID>
    </_-IWBEP_-I_SBD_SE>
    <_-IWBEP_-I_SBD_SE>
     <PROJECT>ZRNDIC_MB5B_FM</PROJECT>
     <NODE_UUID>AFBWizboHtqPhXLz+Ltgtw==</NODE_UUID>
     <PARENT_UUID>AFBWizboHtqO84qgnw5Atw==</PARENT_UUID>
     <NAME>SelOptionsSet</NAME>
     <ENTITY_SET_UUID>AFBWizboHtqPhXLz+LtAtw==</ENTITY_SET_UUID>
    </_-IWBEP_-I_SBD_SE>
    <_-IWBEP_-I_SBD_SE>
     <PROJECT>ZRNDIC_MB5B_FM</PROJECT>
     <NODE_UUID>AFBWizboHtqPhXLz+LxAtw==</NODE_UUID>
     <PARENT_UUID>AFBWizboHtqO84qgnw5Atw==</PARENT_UUID>
     <NAME>SelOptPropertySet</NAME>
     <ENTITY_SET_UUID>AFBWizboHtqPhXLz+Lwgtw==</ENTITY_SET_UUID>
    </_-IWBEP_-I_SBD_SE>
    <_-IWBEP_-I_SBD_SE>
     <PROJECT>ZRNDIC_MB5B_FM</PROJECT>
     <NODE_UUID>AFBWizboHtqPhXLz+L0gtw==</NODE_UUID>
     <PARENT_UUID>AFBWizboHtqO84qgnw5Atw==</PARENT_UUID>
     <NAME>SingleFieldSet</NAME>
     <ENTITY_SET_UUID>AFBWizboHtqPhXLz+L0Atw==</ENTITY_SET_UUID>
    </_-IWBEP_-I_SBD_SE>
    <_-IWBEP_-I_SBD_SE>
     <PROJECT>ZRNDIC_MB5B_FM</PROJECT>
     <NODE_UUID>AFBWizboHtqPhXLz+L4Atw==</NODE_UUID>
     <PARENT_UUID>AFBWizboHtqO84qgnw5Atw==</PARENT_UUID>
     <NAME>TableSet</NAME>
     <ENTITY_SET_UUID>AFBWizboHtqPhXLz+L3gtw==</ENTITY_SET_UUID>
    </_-IWBEP_-I_SBD_SE>
    <_-IWBEP_-I_SBD_SE>
     <PROJECT>ZRNDIC_MB5B_FM</PROJECT>
     <NODE_UUID>AFBWizboHtqPhXLz+L7gtw==</NODE_UUID>
     <PARENT_UUID>AFBWizboHtqO84qgnw5Atw==</PARENT_UUID>
     <NAME>TableContentSet</NAME>
     <ENTITY_SET_UUID>AFBWizboHtqPhXLz+L7Atw==</ENTITY_SET_UUID>
    </_-IWBEP_-I_SBD_SE>
    <_-IWBEP_-I_SBD_SE>
     <PROJECT>ZRNDIC_MB5B_FM</PROJECT>
     <NODE_UUID>AFBWizboHtqPvcrJmZvAtw==</NODE_UUID>
     <PARENT_UUID>AFBWizboHtqO84qgnw5Atw==</PARENT_UUID>
     <NAME>ResultSet</NAME>
     <ENTITY_SET_UUID>AFBWizboHtqPvcrJmZugtw==</ENTITY_SET_UUID>
    </_-IWBEP_-I_SBD_SE>
   </_-IWBEP_-I_SBD_SE>
   <_-IWBEP_-I_SBD_SET>
    <_-IWBEP_-I_SBD_SET>
     <SYLANGU>E</SYLANGU>
     <PROJECT>ZRNDIC_MB5B_FM</PROJECT>
     <NODE_UUID>AFBWizboHtqPhXLz+LqAtw==</NODE_UUID>
    </_-IWBEP_-I_SBD_SET>
    <_-IWBEP_-I_SBD_SET>
     <SYLANGU>E</SYLANGU>
     <PROJECT>ZRNDIC_MB5B_FM</PROJECT>
     <NODE_UUID>AFBWizboHtqPhXLz+Ltgtw==</NODE_UUID>
    </_-IWBEP_-I_SBD_SET>
    <_-IWBEP_-I_SBD_SET>
     <SYLANGU>E</SYLANGU>
     <PROJECT>ZRNDIC_MB5B_FM</PROJECT>
     <NODE_UUID>AFBWizboHtqPhXLz+LxAtw==</NODE_UUID>
    </_-IWBEP_-I_SBD_SET>
    <_-IWBEP_-I_SBD_SET>
     <SYLANGU>E</SYLANGU>
     <PROJECT>ZRNDIC_MB5B_FM</PROJECT>
     <NODE_UUID>AFBWizboHtqPhXLz+L0gtw==</NODE_UUID>
    </_-IWBEP_-I_SBD_SET>
    <_-IWBEP_-I_SBD_SET>
     <SYLANGU>E</SYLANGU>
     <PROJECT>ZRNDIC_MB5B_FM</PROJECT>
     <NODE_UUID>AFBWizboHtqPhXLz+L4Atw==</NODE_UUID>
    </_-IWBEP_-I_SBD_SET>
    <_-IWBEP_-I_SBD_SET>
     <SYLANGU>E</SYLANGU>
     <PROJECT>ZRNDIC_MB5B_FM</PROJECT>
     <NODE_UUID>AFBWizboHtqPhXLz+L7gtw==</NODE_UUID>
    </_-IWBEP_-I_SBD_SET>
    <_-IWBEP_-I_SBD_SET>
     <SYLANGU>E</SYLANGU>
     <PROJECT>ZRNDIC_MB5B_FM</PROJECT>
     <NODE_UUID>AFBWizboHtqPvcrJmZvAtw==</NODE_UUID>
    </_-IWBEP_-I_SBD_SET>
   </_-IWBEP_-I_SBD_SET>
   <_-IWBEP_-I_SBD_SV>
    <_-IWBEP_-I_SBD_SV>
     <PROJECT>ZRNDIC_MB5B_FM</PROJECT>
     <NODE_UUID>AFBWizboHtqO84qgnw5Atw==</NODE_UUID>
     <TECHNICAL_NAME>ZRNDIC_MB5B_FM_SRV</TECHNICAL_NAME>
     <VERSION>0001</VERSION>
     <DPC>ZCL_ZRNDIC_MB5B_FM_DPC_EXT</DPC>
     <EXTERNAL_NAME>ZRNDIC_MB5B_FM_SRV</EXTERNAL_NAME>
    </_-IWBEP_-I_SBD_SV>
   </_-IWBEP_-I_SBD_SV>
   <_-IWBEP_-I_SBD_SVT>
    <_-IWBEP_-I_SBD_SVT>
     <SYLANGU>E</SYLANGU>
     <PROJECT>ZRNDIC_MB5B_FM</PROJECT>
     <NODE_UUID>AFBWizboHtqO84qgnw5Atw==</NODE_UUID>
    </_-IWBEP_-I_SBD_SVT>
   </_-IWBEP_-I_SBD_SVT>
   <_-IWBEP_-I_SBO_ASO>
    <_-IWBEP_-I_SBO_ASO>
     <PROJECT>ZRNDIC_MB5B_FM</PROJECT>
     <NODE_UUID>AFBWizboHtqPhXmseWrgtw==</NODE_UUID>
     <NAME>HeaderSelOptProperty</NAME>
     <MODEL_GUID>AFBWizboHtqO84qgnwjgtw==</MODEL_GUID>
     <LEFT_END_GUID>AFBWizboHtqO84qgnwvgtw==</LEFT_END_GUID>
     <RIGHT_END_GUID>AFBWizboHtqO84qgnwrAtw==</RIGHT_END_GUID>
     <LEFT_END_CARD>1</LEFT_END_CARD>
     <RIGHT_END_CARD>M</RIGHT_END_CARD>
     <REF_TYPE>T</REF_TYPE>
     <TXTR_XU>X</TXTR_XU>
     <DESCRIPTION_XU>X</DESCRIPTION_XU>
     <ASSOC_LABEL_XU>X</ASSOC_LABEL_XU>
    </_-IWBEP_-I_SBO_ASO>
    <_-IWBEP_-I_SBO_ASO>
     <PROJECT>ZRNDIC_MB5B_FM</PROJECT>
     <NODE_UUID>AFBWizboHtqPhY1wYytgtw==</NODE_UUID>
     <NAME>SelOptPropertiesSelOptions</NAME>
     <MODEL_GUID>AFBWizboHtqO84qgnwjgtw==</MODEL_GUID>
     <LEFT_END_GUID>AFBWizboHtqO84qgnwrAtw==</LEFT_END_GUID>
     <RIGHT_END_GUID>AFBWizboHtqO84qgnwsgtw==</RIGHT_END_GUID>
     <LEFT_END_CARD>1</LEFT_END_CARD>
     <RIGHT_END_CARD>M</RIGHT_END_CARD>
     <REF_TYPE>T</REF_TYPE>
     <TXTR_XU>X</TXTR_XU>
     <DESCRIPTION_XU>X</DESCRIPTION_XU>
     <ASSOC_LABEL_XU>X</ASSOC_LABEL_XU>
    </_-IWBEP_-I_SBO_ASO>
    <_-IWBEP_-I_SBO_ASO>
     <PROJECT>ZRNDIC_MB5B_FM</PROJECT>
     <NODE_UUID>AFBWizboHtqPhZELGcYgtw==</NODE_UUID>
     <NAME>HeaderSingleField</NAME>
     <MODEL_GUID>AFBWizboHtqO84qgnwjgtw==</MODEL_GUID>
     <LEFT_END_GUID>AFBWizboHtqO84qgnwvgtw==</LEFT_END_GUID>
     <RIGHT_END_GUID>AFBWizboHtqO84qgnwzgtw==</RIGHT_END_GUID>
     <LEFT_END_CARD>1</LEFT_END_CARD>
     <RIGHT_END_CARD>M</RIGHT_END_CARD>
     <REF_TYPE>T</REF_TYPE>
     <TXTR_XU>X</TXTR_XU>
     <DESCRIPTION_XU>X</DESCRIPTION_XU>
     <ASSOC_LABEL_XU>X</ASSOC_LABEL_XU>
    </_-IWBEP_-I_SBO_ASO>
    <_-IWBEP_-I_SBO_ASO>
     <PROJECT>ZRNDIC_MB5B_FM</PROJECT>
     <NODE_UUID>AFBWizboHtqPhZT604LAtw==</NODE_UUID>
     <NAME>HeaderTable</NAME>
     <MODEL_GUID>AFBWizboHtqO84qgnwjgtw==</MODEL_GUID>
     <LEFT_END_GUID>AFBWizboHtqO84qgnwvgtw==</LEFT_END_GUID>
     <RIGHT_END_GUID>AFBWizboHtqO84qgnw1gtw==</RIGHT_END_GUID>
     <LEFT_END_CARD>1</LEFT_END_CARD>
     <RIGHT_END_CARD>M</RIGHT_END_CARD>
     <REF_TYPE>T</REF_TYPE>
     <TXTR_XU>X</TXTR_XU>
     <DESCRIPTION_XU>X</DESCRIPTION_XU>
     <ASSOC_LABEL_XU>X</ASSOC_LABEL_XU>
    </_-IWBEP_-I_SBO_ASO>
    <_-IWBEP_-I_SBO_ASO>
     <PROJECT>ZRNDIC_MB5B_FM</PROJECT>
     <NODE_UUID>AFBWizboHtqPhZn787zAtw==</NODE_UUID>
     <NAME>TableTableContent</NAME>
     <MODEL_GUID>AFBWizboHtqO84qgnwjgtw==</MODEL_GUID>
     <LEFT_END_GUID>AFBWizboHtqO84qgnw1gtw==</LEFT_END_GUID>
     <RIGHT_END_GUID>AFBWizboHtqO84qgnw3Atw==</RIGHT_END_GUID>
     <LEFT_END_CARD>1</LEFT_END_CARD>
     <RIGHT_END_CARD>M</RIGHT_END_CARD>
     <REF_TYPE>T</REF_TYPE>
     <TXTR_XU>X</TXTR_XU>
     <DESCRIPTION_XU>X</DESCRIPTION_XU>
     <ASSOC_LABEL_XU>X</ASSOC_LABEL_XU>
    </_-IWBEP_-I_SBO_ASO>
    <_-IWBEP_-I_SBO_ASO>
     <PROJECT>ZRNDIC_MB5B_FM</PROJECT>
     <NODE_UUID>AFBWizboHtqPvcxDEkDgtw==</NODE_UUID>
     <NAME>HeaderResultSet</NAME>
     <MODEL_GUID>AFBWizboHtqO84qgnwjgtw==</MODEL_GUID>
     <LEFT_END_GUID>AFBWizboHtqO84qgnwvgtw==</LEFT_END_GUID>
     <RIGHT_END_GUID>AFBWizboHtqPvbym9n4gtw==</RIGHT_END_GUID>
     <LEFT_END_CARD>1</LEFT_END_CARD>
     <RIGHT_END_CARD>M</RIGHT_END_CARD>
     <REF_TYPE>T</REF_TYPE>
     <TXTR_XU>X</TXTR_XU>
     <DESCRIPTION_XU>X</DESCRIPTION_XU>
     <ASSOC_LABEL_XU>X</ASSOC_LABEL_XU>
    </_-IWBEP_-I_SBO_ASO>
   </_-IWBEP_-I_SBO_ASO>
   <_-IWBEP_-I_SBO_AST>
    <_-IWBEP_-I_SBO_AST>
     <SYLANGU>E</SYLANGU>
     <PROJECT>ZRNDIC_MB5B_FM</PROJECT>
     <NODE_UUID>AFBWizboHtqPhXmseWrgtw==</NODE_UUID>
    </_-IWBEP_-I_SBO_AST>
    <_-IWBEP_-I_SBO_AST>
     <SYLANGU>E</SYLANGU>
     <PROJECT>ZRNDIC_MB5B_FM</PROJECT>
     <NODE_UUID>AFBWizboHtqPhY1wYytgtw==</NODE_UUID>
    </_-IWBEP_-I_SBO_AST>
    <_-IWBEP_-I_SBO_AST>
     <SYLANGU>E</SYLANGU>
     <PROJECT>ZRNDIC_MB5B_FM</PROJECT>
     <NODE_UUID>AFBWizboHtqPhZELGcYgtw==</NODE_UUID>
    </_-IWBEP_-I_SBO_AST>
    <_-IWBEP_-I_SBO_AST>
     <SYLANGU>E</SYLANGU>
     <PROJECT>ZRNDIC_MB5B_FM</PROJECT>
     <NODE_UUID>AFBWizboHtqPhZT604LAtw==</NODE_UUID>
    </_-IWBEP_-I_SBO_AST>
    <_-IWBEP_-I_SBO_AST>
     <SYLANGU>E</SYLANGU>
     <PROJECT>ZRNDIC_MB5B_FM</PROJECT>
     <NODE_UUID>AFBWizboHtqPhZn787zAtw==</NODE_UUID>
    </_-IWBEP_-I_SBO_AST>
    <_-IWBEP_-I_SBO_AST>
     <SYLANGU>E</SYLANGU>
     <PROJECT>ZRNDIC_MB5B_FM</PROJECT>
     <NODE_UUID>AFBWizboHtqPvcxDEkDgtw==</NODE_UUID>
    </_-IWBEP_-I_SBO_AST>
   </_-IWBEP_-I_SBO_AST>
   <_-IWBEP_-I_SBO_AT>
    <_-IWBEP_-I_SBO_AT>
     <PROJECT>ZRNDIC_MB5B_FM</PROJECT>
     <NODE_UUID>AFBWizboHtqPhXqHOhSgtw==</NODE_UUID>
     <NAME>HeaderSelOptPropertySet</NAME>
     <MODEL_GUID>AFBWizboHtqO84qgnwjgtw==</MODEL_GUID>
     <LEFT_END_GUID>AFBWizboHtqPhXLz+Lpgtw==</LEFT_END_GUID>
     <RIGHT_END_GUID>AFBWizboHtqPhXLz+Lwgtw==</RIGHT_END_GUID>
     <ASSOCIATION_GUID>AFBWizboHtqPhXmseWrgtw==</ASSOCIATION_GUID>
     <REF_TYPE>T</REF_TYPE>
     <TXTR_XU>X</TXTR_XU>
     <DESCRIPTION_XU>X</DESCRIPTION_XU>
     <ASST_LABEL_XU>X</ASST_LABEL_XU>
    </_-IWBEP_-I_SBO_AT>
    <_-IWBEP_-I_SBO_AT>
     <PROJECT>ZRNDIC_MB5B_FM</PROJECT>
     <NODE_UUID>AFBWizboHtqPhY1wYzDgtw==</NODE_UUID>
     <NAME>SelOptPropertiesSelOptionsSet</NAME>
     <MODEL_GUID>AFBWizboHtqO84qgnwjgtw==</MODEL_GUID>
     <LEFT_END_GUID>AFBWizboHtqPhXLz+Lwgtw==</LEFT_END_GUID>
     <RIGHT_END_GUID>AFBWizboHtqPhXLz+LtAtw==</RIGHT_END_GUID>
     <ASSOCIATION_GUID>AFBWizboHtqPhY1wYytgtw==</ASSOCIATION_GUID>
     <REF_TYPE>T</REF_TYPE>
     <TXTR_XU>X</TXTR_XU>
     <DESCRIPTION_XU>X</DESCRIPTION_XU>
     <ASST_LABEL_XU>X</ASST_LABEL_XU>
    </_-IWBEP_-I_SBO_AT>
    <_-IWBEP_-I_SBO_AT>
     <PROJECT>ZRNDIC_MB5B_FM</PROJECT>
     <NODE_UUID>AFBWizboHtqPhZIHgpGAtw==</NODE_UUID>
     <NAME>HeaderSingleFieldSet</NAME>
     <MODEL_GUID>AFBWizboHtqO84qgnwjgtw==</MODEL_GUID>
     <LEFT_END_GUID>AFBWizboHtqPhXLz+Lpgtw==</LEFT_END_GUID>
     <RIGHT_END_GUID>AFBWizboHtqPhXLz+L0Atw==</RIGHT_END_GUID>
     <ASSOCIATION_GUID>AFBWizboHtqPhZELGcYgtw==</ASSOCIATION_GUID>
     <REF_TYPE>T</REF_TYPE>
     <TXTR_XU>X</TXTR_XU>
     <DESCRIPTION_XU>X</DESCRIPTION_XU>
     <ASST_LABEL_XU>X</ASST_LABEL_XU>
    </_-IWBEP_-I_SBO_AT>
    <_-IWBEP_-I_SBO_AT>
     <PROJECT>ZRNDIC_MB5B_FM</PROJECT>
     <NODE_UUID>AFBWizboHtqPhZT62GYAtw==</NODE_UUID>
     <NAME>HeaderTableSet</NAME>
     <MODEL_GUID>AFBWizboHtqO84qgnwjgtw==</MODEL_GUID>
     <LEFT_END_GUID>AFBWizboHtqPhXLz+Lpgtw==</LEFT_END_GUID>
     <RIGHT_END_GUID>AFBWizboHtqPhXLz+L3gtw==</RIGHT_END_GUID>
     <ASSOCIATION_GUID>AFBWizboHtqPhZT604LAtw==</ASSOCIATION_GUID>
     <REF_TYPE>T</REF_TYPE>
     <TXTR_XU>X</TXTR_XU>
     <DESCRIPTION_XU>X</DESCRIPTION_XU>
     <ASST_LABEL_XU>X</ASST_LABEL_XU>
    </_-IWBEP_-I_SBO_AT>
    <_-IWBEP_-I_SBO_AT>
     <PROJECT>ZRNDIC_MB5B_FM</PROJECT>
     <NODE_UUID>AFBWizboHtqPhZszX1vAtw==</NODE_UUID>
     <NAME>TableTableContentSet</NAME>
     <MODEL_GUID>AFBWizboHtqO84qgnwjgtw==</MODEL_GUID>
     <LEFT_END_GUID>AFBWizboHtqPhXLz+L3gtw==</LEFT_END_GUID>
     <RIGHT_END_GUID>AFBWizboHtqPhXLz+L7Atw==</RIGHT_END_GUID>
     <ASSOCIATION_GUID>AFBWizboHtqPhZn787zAtw==</ASSOCIATION_GUID>
     <REF_TYPE>T</REF_TYPE>
     <TXTR_XU>X</TXTR_XU>
     <DESCRIPTION_XU>X</DESCRIPTION_XU>
     <ASST_LABEL_XU>X</ASST_LABEL_XU>
    </_-IWBEP_-I_SBO_AT>
    <_-IWBEP_-I_SBO_AT>
     <PROJECT>ZRNDIC_MB5B_FM</PROJECT>
     <NODE_UUID>AFBWizboHtqPvc3f125gtw==</NODE_UUID>
     <NAME>HeaderResultSet</NAME>
     <MODEL_GUID>AFBWizboHtqO84qgnwjgtw==</MODEL_GUID>
     <LEFT_END_GUID>AFBWizboHtqPhXLz+Lpgtw==</LEFT_END_GUID>
     <RIGHT_END_GUID>AFBWizboHtqPvcrJmZugtw==</RIGHT_END_GUID>
     <ASSOCIATION_GUID>AFBWizboHtqPvcxDEkDgtw==</ASSOCIATION_GUID>
     <REF_TYPE>T</REF_TYPE>
     <TXTR_XU>X</TXTR_XU>
     <DESCRIPTION_XU>X</DESCRIPTION_XU>
     <ASST_LABEL_XU>X</ASST_LABEL_XU>
    </_-IWBEP_-I_SBO_AT>
   </_-IWBEP_-I_SBO_AT>
   <_-IWBEP_-I_SBO_ATT>
    <_-IWBEP_-I_SBO_ATT>
     <SYLANGU>E</SYLANGU>
     <PROJECT>ZRNDIC_MB5B_FM</PROJECT>
     <NODE_UUID>AFBWizboHtqPhXqHOhSgtw==</NODE_UUID>
    </_-IWBEP_-I_SBO_ATT>
    <_-IWBEP_-I_SBO_ATT>
     <SYLANGU>E</SYLANGU>
     <PROJECT>ZRNDIC_MB5B_FM</PROJECT>
     <NODE_UUID>AFBWizboHtqPhY1wYzDgtw==</NODE_UUID>
    </_-IWBEP_-I_SBO_ATT>
    <_-IWBEP_-I_SBO_ATT>
     <SYLANGU>E</SYLANGU>
     <PROJECT>ZRNDIC_MB5B_FM</PROJECT>
     <NODE_UUID>AFBWizboHtqPhZIHgpGAtw==</NODE_UUID>
    </_-IWBEP_-I_SBO_ATT>
    <_-IWBEP_-I_SBO_ATT>
     <SYLANGU>E</SYLANGU>
     <PROJECT>ZRNDIC_MB5B_FM</PROJECT>
     <NODE_UUID>AFBWizboHtqPhZT62GYAtw==</NODE_UUID>
    </_-IWBEP_-I_SBO_ATT>
    <_-IWBEP_-I_SBO_ATT>
     <SYLANGU>E</SYLANGU>
     <PROJECT>ZRNDIC_MB5B_FM</PROJECT>
     <NODE_UUID>AFBWizboHtqPhZszX1vAtw==</NODE_UUID>
    </_-IWBEP_-I_SBO_ATT>
    <_-IWBEP_-I_SBO_ATT>
     <SYLANGU>E</SYLANGU>
     <PROJECT>ZRNDIC_MB5B_FM</PROJECT>
     <NODE_UUID>AFBWizboHtqPvc3f125gtw==</NODE_UUID>
    </_-IWBEP_-I_SBO_ATT>
   </_-IWBEP_-I_SBO_ATT>
   <_-IWBEP_-I_SBO_ES>
    <_-IWBEP_-I_SBO_ES>
     <PROJECT>ZRNDIC_MB5B_FM</PROJECT>
     <NODE_UUID>AFBWizboHtqPhXLz+Lpgtw==</NODE_UUID>
     <MODEL>AFBWizboHtqO84qgnwjgtw==</MODEL>
     <NAME>HeaderSet</NAME>
     <ENTITY_TYPE>AFBWizboHtqO84qgnwvgtw==</ENTITY_TYPE>
     <CREATABLE>X</CREATABLE>
     <UPDATABLE>X</UPDATABLE>
     <DELETABLE>X</DELETABLE>
     <PAGEABLE>X</PAGEABLE>
     <ADDRESSABLE>X</ADDRESSABLE>
     <SEARCHABLE>X</SEARCHABLE>
     <SUBSCRIBABLE>X</SUBSCRIBABLE>
     <REQUIRES_FILTER>X</REQUIRES_FILTER>
     <REF_TYPE>T</REF_TYPE>
     <DESCRIPTION_XU>X</DESCRIPTION_XU>
    </_-IWBEP_-I_SBO_ES>
    <_-IWBEP_-I_SBO_ES>
     <PROJECT>ZRNDIC_MB5B_FM</PROJECT>
     <NODE_UUID>AFBWizboHtqPhXLz+LtAtw==</NODE_UUID>
     <MODEL>AFBWizboHtqO84qgnwjgtw==</MODEL>
     <NAME>SelOptionsSet</NAME>
     <ENTITY_TYPE>AFBWizboHtqO84qgnwsgtw==</ENTITY_TYPE>
     <CREATABLE>X</CREATABLE>
     <UPDATABLE>X</UPDATABLE>
     <DELETABLE>X</DELETABLE>
     <PAGEABLE>X</PAGEABLE>
     <ADDRESSABLE>X</ADDRESSABLE>
     <SEARCHABLE>X</SEARCHABLE>
     <SUBSCRIBABLE>X</SUBSCRIBABLE>
     <REQUIRES_FILTER>X</REQUIRES_FILTER>
     <REF_TYPE>T</REF_TYPE>
     <DESCRIPTION_XU>X</DESCRIPTION_XU>
    </_-IWBEP_-I_SBO_ES>
    <_-IWBEP_-I_SBO_ES>
     <PROJECT>ZRNDIC_MB5B_FM</PROJECT>
     <NODE_UUID>AFBWizboHtqPhXLz+Lwgtw==</NODE_UUID>
     <MODEL>AFBWizboHtqO84qgnwjgtw==</MODEL>
     <NAME>SelOptPropertySet</NAME>
     <ENTITY_TYPE>AFBWizboHtqO84qgnwrAtw==</ENTITY_TYPE>
     <CREATABLE>X</CREATABLE>
     <UPDATABLE>X</UPDATABLE>
     <DELETABLE>X</DELETABLE>
     <PAGEABLE>X</PAGEABLE>
     <ADDRESSABLE>X</ADDRESSABLE>
     <SEARCHABLE>X</SEARCHABLE>
     <SUBSCRIBABLE>X</SUBSCRIBABLE>
     <REQUIRES_FILTER>X</REQUIRES_FILTER>
     <REF_TYPE>T</REF_TYPE>
     <DESCRIPTION_XU>X</DESCRIPTION_XU>
    </_-IWBEP_-I_SBO_ES>
    <_-IWBEP_-I_SBO_ES>
     <PROJECT>ZRNDIC_MB5B_FM</PROJECT>
     <NODE_UUID>AFBWizboHtqPhXLz+L0Atw==</NODE_UUID>
     <MODEL>AFBWizboHtqO84qgnwjgtw==</MODEL>
     <NAME>SingleFieldSet</NAME>
     <ENTITY_TYPE>AFBWizboHtqO84qgnwzgtw==</ENTITY_TYPE>
     <CREATABLE>X</CREATABLE>
     <UPDATABLE>X</UPDATABLE>
     <DELETABLE>X</DELETABLE>
     <PAGEABLE>X</PAGEABLE>
     <ADDRESSABLE>X</ADDRESSABLE>
     <SEARCHABLE>X</SEARCHABLE>
     <SUBSCRIBABLE>X</SUBSCRIBABLE>
     <REQUIRES_FILTER>X</REQUIRES_FILTER>
     <REF_TYPE>T</REF_TYPE>
     <DESCRIPTION_XU>X</DESCRIPTION_XU>
    </_-IWBEP_-I_SBO_ES>
    <_-IWBEP_-I_SBO_ES>
     <PROJECT>ZRNDIC_MB5B_FM</PROJECT>
     <NODE_UUID>AFBWizboHtqPhXLz+L3gtw==</NODE_UUID>
     <MODEL>AFBWizboHtqO84qgnwjgtw==</MODEL>
     <NAME>TableSet</NAME>
     <ENTITY_TYPE>AFBWizboHtqO84qgnw1gtw==</ENTITY_TYPE>
     <CREATABLE>X</CREATABLE>
     <UPDATABLE>X</UPDATABLE>
     <DELETABLE>X</DELETABLE>
     <PAGEABLE>X</PAGEABLE>
     <ADDRESSABLE>X</ADDRESSABLE>
     <SEARCHABLE>X</SEARCHABLE>
     <SUBSCRIBABLE>X</SUBSCRIBABLE>
     <REQUIRES_FILTER>X</REQUIRES_FILTER>
     <REF_TYPE>T</REF_TYPE>
     <DESCRIPTION_XU>X</DESCRIPTION_XU>
    </_-IWBEP_-I_SBO_ES>
    <_-IWBEP_-I_SBO_ES>
     <PROJECT>ZRNDIC_MB5B_FM</PROJECT>
     <NODE_UUID>AFBWizboHtqPhXLz+L7Atw==</NODE_UUID>
     <MODEL>AFBWizboHtqO84qgnwjgtw==</MODEL>
     <NAME>TableContentSet</NAME>
     <ENTITY_TYPE>AFBWizboHtqO84qgnw3Atw==</ENTITY_TYPE>
     <CREATABLE>X</CREATABLE>
     <UPDATABLE>X</UPDATABLE>
     <DELETABLE>X</DELETABLE>
     <PAGEABLE>X</PAGEABLE>
     <ADDRESSABLE>X</ADDRESSABLE>
     <SEARCHABLE>X</SEARCHABLE>
     <SUBSCRIBABLE>X</SUBSCRIBABLE>
     <REQUIRES_FILTER>X</REQUIRES_FILTER>
     <REF_TYPE>T</REF_TYPE>
     <DESCRIPTION_XU>X</DESCRIPTION_XU>
    </_-IWBEP_-I_SBO_ES>
    <_-IWBEP_-I_SBO_ES>
     <PROJECT>ZRNDIC_MB5B_FM</PROJECT>
     <NODE_UUID>AFBWizboHtqPvcrJmZugtw==</NODE_UUID>
     <MODEL>AFBWizboHtqO84qgnwjgtw==</MODEL>
     <NAME>ResultSet</NAME>
     <ENTITY_TYPE>AFBWizboHtqPvbym9n4gtw==</ENTITY_TYPE>
     <REF_TYPE>T</REF_TYPE>
     <CREATABLE_XU>X</CREATABLE_XU>
     <UPDATABLE_XU>X</UPDATABLE_XU>
     <DELETABLE_XU>X</DELETABLE_XU>
     <PAGEABLE_XU>X</PAGEABLE_XU>
     <ADDRESSABLE_XU>X</ADDRESSABLE_XU>
     <SEARCHABLE_XU>X</SEARCHABLE_XU>
     <SUBSCRIBABLE_XU>X</SUBSCRIBABLE_XU>
     <REQUIRES_FLT_XU>X</REQUIRES_FLT_XU>
     <SEMANTIC_XU>X</SEMANTIC_XU>
     <LABEL_REF_XU>X</LABEL_REF_XU>
     <DESCRIPTION_XU>X</DESCRIPTION_XU>
     <ESET_LABEL_XU>X</ESET_LABEL_XU>
    </_-IWBEP_-I_SBO_ES>
   </_-IWBEP_-I_SBO_ES>
   <_-IWBEP_-I_SBO_EST>
    <_-IWBEP_-I_SBO_EST>
     <SYLANGU>E</SYLANGU>
     <PROJECT>ZRNDIC_MB5B_FM</PROJECT>
     <NODE_UUID>AFBWizboHtqPhXLz+Lpgtw==</NODE_UUID>
    </_-IWBEP_-I_SBO_EST>
    <_-IWBEP_-I_SBO_EST>
     <SYLANGU>E</SYLANGU>
     <PROJECT>ZRNDIC_MB5B_FM</PROJECT>
     <NODE_UUID>AFBWizboHtqPhXLz+LtAtw==</NODE_UUID>
    </_-IWBEP_-I_SBO_EST>
    <_-IWBEP_-I_SBO_EST>
     <SYLANGU>E</SYLANGU>
     <PROJECT>ZRNDIC_MB5B_FM</PROJECT>
     <NODE_UUID>AFBWizboHtqPhXLz+Lwgtw==</NODE_UUID>
    </_-IWBEP_-I_SBO_EST>
    <_-IWBEP_-I_SBO_EST>
     <SYLANGU>E</SYLANGU>
     <PROJECT>ZRNDIC_MB5B_FM</PROJECT>
     <NODE_UUID>AFBWizboHtqPhXLz+L0Atw==</NODE_UUID>
    </_-IWBEP_-I_SBO_EST>
    <_-IWBEP_-I_SBO_EST>
     <SYLANGU>E</SYLANGU>
     <PROJECT>ZRNDIC_MB5B_FM</PROJECT>
     <NODE_UUID>AFBWizboHtqPhXLz+L3gtw==</NODE_UUID>
    </_-IWBEP_-I_SBO_EST>
    <_-IWBEP_-I_SBO_EST>
     <SYLANGU>E</SYLANGU>
     <PROJECT>ZRNDIC_MB5B_FM</PROJECT>
     <NODE_UUID>AFBWizboHtqPhXLz+L7Atw==</NODE_UUID>
    </_-IWBEP_-I_SBO_EST>
    <_-IWBEP_-I_SBO_EST>
     <SYLANGU>E</SYLANGU>
     <PROJECT>ZRNDIC_MB5B_FM</PROJECT>
     <NODE_UUID>AFBWizboHtqPvcrJmZugtw==</NODE_UUID>
    </_-IWBEP_-I_SBO_EST>
   </_-IWBEP_-I_SBO_EST>
   <_-IWBEP_-I_SBO_ET>
    <_-IWBEP_-I_SBO_ET>
     <PROJECT>ZRNDIC_MB5B_FM</PROJECT>
     <NODE_UUID>AFBWizboHtqO84qgnwrAtw==</NODE_UUID>
     <NAME>SelOptProperty</NAME>
     <MODEL>AFBWizboHtqO84qgnwjgtw==</MODEL>
     <REF_TYPE>T</REF_TYPE>
     <ABAP_STRUCT>ZRNDIC_SELOPTPROP_ASSOC_UI_S</ABAP_STRUCT>
     <DESCRIPTION_XU>X</DESCRIPTION_XU>
    </_-IWBEP_-I_SBO_ET>
    <_-IWBEP_-I_SBO_ET>
     <PROJECT>ZRNDIC_MB5B_FM</PROJECT>
     <NODE_UUID>AFBWizboHtqO84qgnwsgtw==</NODE_UUID>
     <NAME>SelOptions</NAME>
     <MODEL>AFBWizboHtqO84qgnwjgtw==</MODEL>
     <REF_TYPE>T</REF_TYPE>
     <ABAP_STRUCT>ZRNDIC_SELOPT_ASSOC_UI</ABAP_STRUCT>
     <DESCRIPTION_XU>X</DESCRIPTION_XU>
    </_-IWBEP_-I_SBO_ET>
    <_-IWBEP_-I_SBO_ET>
     <PROJECT>ZRNDIC_MB5B_FM</PROJECT>
     <NODE_UUID>AFBWizboHtqO84qgnwvgtw==</NODE_UUID>
     <NAME>Header</NAME>
     <MODEL>AFBWizboHtqO84qgnwjgtw==</MODEL>
     <REF_TYPE>T</REF_TYPE>
     <ABAP_STRUCT>ZFM_GENERIC_HEAD_UI_S</ABAP_STRUCT>
     <DESCRIPTION_XU>X</DESCRIPTION_XU>
    </_-IWBEP_-I_SBO_ET>
    <_-IWBEP_-I_SBO_ET>
     <PROJECT>ZRNDIC_MB5B_FM</PROJECT>
     <NODE_UUID>AFBWizboHtqO84qgnwzgtw==</NODE_UUID>
     <NAME>SingleField</NAME>
     <MODEL>AFBWizboHtqO84qgnwjgtw==</MODEL>
     <REF_TYPE>T</REF_TYPE>
     <ABAP_STRUCT>ZSELECT_GENERIC_NAME_VALUE_S</ABAP_STRUCT>
     <DESCRIPTION_XU>X</DESCRIPTION_XU>
    </_-IWBEP_-I_SBO_ET>
    <_-IWBEP_-I_SBO_ET>
     <PROJECT>ZRNDIC_MB5B_FM</PROJECT>
     <NODE_UUID>AFBWizboHtqO84qgnw1gtw==</NODE_UUID>
     <NAME>Table</NAME>
     <MODEL>AFBWizboHtqO84qgnwjgtw==</MODEL>
     <REF_TYPE>T</REF_TYPE>
     <ABAP_STRUCT>ZSELECT_GENERIC_ADD_TAB_S</ABAP_STRUCT>
     <DESCRIPTION_XU>X</DESCRIPTION_XU>
    </_-IWBEP_-I_SBO_ET>
    <_-IWBEP_-I_SBO_ET>
     <PROJECT>ZRNDIC_MB5B_FM</PROJECT>
     <NODE_UUID>AFBWizboHtqO84qgnw3Atw==</NODE_UUID>
     <NAME>TableContent</NAME>
     <MODEL>AFBWizboHtqO84qgnwjgtw==</MODEL>
     <REF_TYPE>T</REF_TYPE>
     <ABAP_STRUCT>ZSELECT_GENERIC_NAME_VALUE_S</ABAP_STRUCT>
     <DESCRIPTION_XU>X</DESCRIPTION_XU>
    </_-IWBEP_-I_SBO_ET>
    <_-IWBEP_-I_SBO_ET>
     <PROJECT>ZRNDIC_MB5B_FM</PROJECT>
     <NODE_UUID>AFBWizboHtqPvbym9n4gtw==</NODE_UUID>
     <NAME>Result</NAME>
     <MODEL>AFBWizboHtqO84qgnwjgtw==</MODEL>
     <REF_TYPE>T</REF_TYPE>
     <ABAP_STRUCT>ZSELECT_GENERIC_NAME_VALUE_S</ABAP_STRUCT>
     <DESCRIPTION_XU>X</DESCRIPTION_XU>
    </_-IWBEP_-I_SBO_ET>
   </_-IWBEP_-I_SBO_ET>
   <_-IWBEP_-I_SBO_ETT>
    <_-IWBEP_-I_SBO_ETT>
     <SYLANGU>E</SYLANGU>
     <PROJECT>ZRNDIC_MB5B_FM</PROJECT>
     <NODE_UUID>AFBWizboHtqO84qgnwrAtw==</NODE_UUID>
    </_-IWBEP_-I_SBO_ETT>
    <_-IWBEP_-I_SBO_ETT>
     <SYLANGU>E</SYLANGU>
     <PROJECT>ZRNDIC_MB5B_FM</PROJECT>
     <NODE_UUID>AFBWizboHtqO84qgnwsgtw==</NODE_UUID>
    </_-IWBEP_-I_SBO_ETT>
    <_-IWBEP_-I_SBO_ETT>
     <SYLANGU>E</SYLANGU>
     <PROJECT>ZRNDIC_MB5B_FM</PROJECT>
     <NODE_UUID>AFBWizboHtqO84qgnwvgtw==</NODE_UUID>
    </_-IWBEP_-I_SBO_ETT>
    <_-IWBEP_-I_SBO_ETT>
     <SYLANGU>E</SYLANGU>
     <PROJECT>ZRNDIC_MB5B_FM</PROJECT>
     <NODE_UUID>AFBWizboHtqO84qgnwzgtw==</NODE_UUID>
    </_-IWBEP_-I_SBO_ETT>
    <_-IWBEP_-I_SBO_ETT>
     <SYLANGU>E</SYLANGU>
     <PROJECT>ZRNDIC_MB5B_FM</PROJECT>
     <NODE_UUID>AFBWizboHtqO84qgnw1gtw==</NODE_UUID>
    </_-IWBEP_-I_SBO_ETT>
    <_-IWBEP_-I_SBO_ETT>
     <SYLANGU>E</SYLANGU>
     <PROJECT>ZRNDIC_MB5B_FM</PROJECT>
     <NODE_UUID>AFBWizboHtqO84qgnw3Atw==</NODE_UUID>
    </_-IWBEP_-I_SBO_ETT>
    <_-IWBEP_-I_SBO_ETT>
     <SYLANGU>E</SYLANGU>
     <PROJECT>ZRNDIC_MB5B_FM</PROJECT>
     <NODE_UUID>AFBWizboHtqPvbym9n4gtw==</NODE_UUID>
    </_-IWBEP_-I_SBO_ETT>
   </_-IWBEP_-I_SBO_ETT>
   <_-IWBEP_-I_SBO_NP>
    <_-IWBEP_-I_SBO_NP>
     <PROJECT>ZRNDIC_MB5B_FM</PROJECT>
     <NODE_UUID>AFBWizboHtqPhXmseWsAtw==</NODE_UUID>
     <NAME>ToSelOptProperty</NAME>
     <RELATION_GUID>AFBWizboHtqPhXmseWrgtw==</RELATION_GUID>
     <ENTITY_GUID>AFBWizboHtqO84qgnwvgtw==</ENTITY_GUID>
     <REF_TYPE>T</REF_TYPE>
     <FROM_ROLE_XU>X</FROM_ROLE_XU>
     <TO_ROLE_XU>X</TO_ROLE_XU>
     <DESCRIPTION_XU>X</DESCRIPTION_XU>
    </_-IWBEP_-I_SBO_NP>
    <_-IWBEP_-I_SBO_NP>
     <PROJECT>ZRNDIC_MB5B_FM</PROJECT>
     <NODE_UUID>AFBWizboHtqPhY1wYyuAtw==</NODE_UUID>
     <NAME>ToSelOptions</NAME>
     <RELATION_GUID>AFBWizboHtqPhY1wYytgtw==</RELATION_GUID>
     <ENTITY_GUID>AFBWizboHtqO84qgnwrAtw==</ENTITY_GUID>
     <REF_TYPE>T</REF_TYPE>
     <FROM_ROLE_XU>X</FROM_ROLE_XU>
     <TO_ROLE_XU>X</TO_ROLE_XU>
     <DESCRIPTION_XU>X</DESCRIPTION_XU>
    </_-IWBEP_-I_SBO_NP>
    <_-IWBEP_-I_SBO_NP>
     <PROJECT>ZRNDIC_MB5B_FM</PROJECT>
     <NODE_UUID>AFBWizboHtqPhZELGcZAtw==</NODE_UUID>
     <NAME>ToSingleField</NAME>
     <RELATION_GUID>AFBWizboHtqPhZELGcYgtw==</RELATION_GUID>
     <ENTITY_GUID>AFBWizboHtqO84qgnwvgtw==</ENTITY_GUID>
     <REF_TYPE>T</REF_TYPE>
     <FROM_ROLE_XU>X</FROM_ROLE_XU>
     <TO_ROLE_XU>X</TO_ROLE_XU>
     <DESCRIPTION_XU>X</DESCRIPTION_XU>
    </_-IWBEP_-I_SBO_NP>
    <_-IWBEP_-I_SBO_NP>
     <PROJECT>ZRNDIC_MB5B_FM</PROJECT>
     <NODE_UUID>AFBWizboHtqPhZT604Lgtw==</NODE_UUID>
     <NAME>ToTable</NAME>
     <RELATION_GUID>AFBWizboHtqPhZT604LAtw==</RELATION_GUID>
     <ENTITY_GUID>AFBWizboHtqO84qgnwvgtw==</ENTITY_GUID>
     <REF_TYPE>T</REF_TYPE>
     <FROM_ROLE_XU>X</FROM_ROLE_XU>
     <TO_ROLE_XU>X</TO_ROLE_XU>
     <DESCRIPTION_XU>X</DESCRIPTION_XU>
    </_-IWBEP_-I_SBO_NP>
    <_-IWBEP_-I_SBO_NP>
     <PROJECT>ZRNDIC_MB5B_FM</PROJECT>
     <NODE_UUID>AFBWizboHtqPhZn787zgtw==</NODE_UUID>
     <NAME>ToTableContent</NAME>
     <RELATION_GUID>AFBWizboHtqPhZn787zAtw==</RELATION_GUID>
     <ENTITY_GUID>AFBWizboHtqO84qgnw1gtw==</ENTITY_GUID>
     <REF_TYPE>T</REF_TYPE>
     <FROM_ROLE_XU>X</FROM_ROLE_XU>
     <TO_ROLE_XU>X</TO_ROLE_XU>
     <DESCRIPTION_XU>X</DESCRIPTION_XU>
    </_-IWBEP_-I_SBO_NP>
    <_-IWBEP_-I_SBO_NP>
     <PROJECT>ZRNDIC_MB5B_FM</PROJECT>
     <NODE_UUID>AFBWizboHtqPvcxDEkEAtw==</NODE_UUID>
     <NAME>ToResult</NAME>
     <RELATION_GUID>AFBWizboHtqPvcxDEkDgtw==</RELATION_GUID>
     <ENTITY_GUID>AFBWizboHtqO84qgnwvgtw==</ENTITY_GUID>
     <REF_TYPE>T</REF_TYPE>
     <FROM_ROLE_XU>X</FROM_ROLE_XU>
     <TO_ROLE_XU>X</TO_ROLE_XU>
     <TXTR_XU>X</TXTR_XU>
     <DESCRIPTION_XU>X</DESCRIPTION_XU>
     <NAVP_LABEL_XU>X</NAVP_LABEL_XU>
    </_-IWBEP_-I_SBO_NP>
   </_-IWBEP_-I_SBO_NP>
   <_-IWBEP_-I_SBO_NPT>
    <_-IWBEP_-I_SBO_NPT>
     <SYLANGU>E</SYLANGU>
     <PROJECT>ZRNDIC_MB5B_FM</PROJECT>
     <NODE_UUID>AFBWizboHtqPhXmseWsAtw==</NODE_UUID>
    </_-IWBEP_-I_SBO_NPT>
    <_-IWBEP_-I_SBO_NPT>
     <SYLANGU>E</SYLANGU>
     <PROJECT>ZRNDIC_MB5B_FM</PROJECT>
     <NODE_UUID>AFBWizboHtqPhY1wYyuAtw==</NODE_UUID>
    </_-IWBEP_-I_SBO_NPT>
    <_-IWBEP_-I_SBO_NPT>
     <SYLANGU>E</SYLANGU>
     <PROJECT>ZRNDIC_MB5B_FM</PROJECT>
     <NODE_UUID>AFBWizboHtqPhZELGcZAtw==</NODE_UUID>
    </_-IWBEP_-I_SBO_NPT>
    <_-IWBEP_-I_SBO_NPT>
     <SYLANGU>E</SYLANGU>
     <PROJECT>ZRNDIC_MB5B_FM</PROJECT>
     <NODE_UUID>AFBWizboHtqPhZT604Lgtw==</NODE_UUID>
    </_-IWBEP_-I_SBO_NPT>
    <_-IWBEP_-I_SBO_NPT>
     <SYLANGU>E</SYLANGU>
     <PROJECT>ZRNDIC_MB5B_FM</PROJECT>
     <NODE_UUID>AFBWizboHtqPhZn787zgtw==</NODE_UUID>
    </_-IWBEP_-I_SBO_NPT>
    <_-IWBEP_-I_SBO_NPT>
     <SYLANGU>E</SYLANGU>
     <PROJECT>ZRNDIC_MB5B_FM</PROJECT>
     <NODE_UUID>AFBWizboHtqPvcxDEkEAtw==</NODE_UUID>
    </_-IWBEP_-I_SBO_NPT>
   </_-IWBEP_-I_SBO_NPT>
   <_-IWBEP_-I_SBO_PR>
    <_-IWBEP_-I_SBO_PR>
     <PROJECT>ZRNDIC_MB5B_FM</PROJECT>
     <NODE_UUID>AFBWizboHtqO84qgnwrgtw==</NODE_UUID>
     <PARENT_UUID>AFBWizboHtqO84qgnwrAtw==</PARENT_UUID>
     <NAME>Property</NAME>
     <IS_KEY>X</IS_KEY>
     <CREATABLE>X</CREATABLE>
     <FILTERABLE>X</FILTERABLE>
     <SORTABLE>X</SORTABLE>
     <EDM_CORE_TYPE>Edm.String</EDM_CORE_TYPE>
     <UPDATABLE>X</UPDATABLE>
     <REF_TYPE>T</REF_TYPE>
     <ABAP_FIELD>PROPERTY</ABAP_FIELD>
     <ABTY_XU>X</ABTY_XU>
     <SORT_ORDER>1</SORT_ORDER>
     <DESCRIPTION_XU>X</DESCRIPTION_XU>
    </_-IWBEP_-I_SBO_PR>
    <_-IWBEP_-I_SBO_PR>
     <PROJECT>ZRNDIC_MB5B_FM</PROJECT>
     <NODE_UUID>AFBWizboHtqO84qgnwtgtw==</NODE_UUID>
     <PARENT_UUID>AFBWizboHtqO84qgnwsgtw==</PARENT_UUID>
     <NAME>High</NAME>
     <CREATABLE>X</CREATABLE>
     <FILTERABLE>X</FILTERABLE>
     <SORTABLE>X</SORTABLE>
     <EDM_CORE_TYPE>Edm.String</EDM_CORE_TYPE>
     <UPDATABLE>X</UPDATABLE>
     <IS_NULLABLE>X</IS_NULLABLE>
     <REF_TYPE>T</REF_TYPE>
     <ABAP_FIELD>HIGH</ABAP_FIELD>
     <ABTY_XU>X</ABTY_XU>
     <SORT_ORDER>5</SORT_ORDER>
     <DESCRIPTION_XU>X</DESCRIPTION_XU>
    </_-IWBEP_-I_SBO_PR>
    <_-IWBEP_-I_SBO_PR>
     <PROJECT>ZRNDIC_MB5B_FM</PROJECT>
     <NODE_UUID>AFBWizboHtqO84qgnwuAtw==</NODE_UUID>
     <PARENT_UUID>AFBWizboHtqO84qgnwsgtw==</PARENT_UUID>
     <NAME>Low</NAME>
     <CREATABLE>X</CREATABLE>
     <FILTERABLE>X</FILTERABLE>
     <SORTABLE>X</SORTABLE>
     <EDM_CORE_TYPE>Edm.String</EDM_CORE_TYPE>
     <UPDATABLE>X</UPDATABLE>
     <IS_NULLABLE>X</IS_NULLABLE>
     <REF_TYPE>T</REF_TYPE>
     <ABAP_FIELD>LOW</ABAP_FIELD>
     <ABTY_XU>X</ABTY_XU>
     <SORT_ORDER>4</SORT_ORDER>
     <DESCRIPTION_XU>X</DESCRIPTION_XU>
    </_-IWBEP_-I_SBO_PR>
    <_-IWBEP_-I_SBO_PR>
     <PROJECT>ZRNDIC_MB5B_FM</PROJECT>
     <NODE_UUID>AFBWizboHtqO84qgnwugtw==</NODE_UUID>
     <PARENT_UUID>AFBWizboHtqO84qgnwsgtw==</PARENT_UUID>
     <NAME>Option</NAME>
     <CREATABLE>X</CREATABLE>
     <FILTERABLE>X</FILTERABLE>
     <MAX_LENGTH>2</MAX_LENGTH>
     <SORTABLE>X</SORTABLE>
     <EDM_CORE_TYPE>Edm.String</EDM_CORE_TYPE>
     <UPDATABLE>X</UPDATABLE>
     <IS_NULLABLE>X</IS_NULLABLE>
     <REF_TYPE>T</REF_TYPE>
     <ABAP_FIELD>OPTION</ABAP_FIELD>
     <ABTY_XU>X</ABTY_XU>
     <SORT_ORDER>3</SORT_ORDER>
     <DESCRIPTION_XU>X</DESCRIPTION_XU>
    </_-IWBEP_-I_SBO_PR>
    <_-IWBEP_-I_SBO_PR>
     <PROJECT>ZRNDIC_MB5B_FM</PROJECT>
     <NODE_UUID>AFBWizboHtqO84qgnwvAtw==</NODE_UUID>
     <PARENT_UUID>AFBWizboHtqO84qgnwsgtw==</PARENT_UUID>
     <NAME>Sign</NAME>
     <CREATABLE>X</CREATABLE>
     <FILTERABLE>X</FILTERABLE>
     <MAX_LENGTH>1</MAX_LENGTH>
     <SORTABLE>X</SORTABLE>
     <EDM_CORE_TYPE>Edm.String</EDM_CORE_TYPE>
     <UPDATABLE>X</UPDATABLE>
     <IS_NULLABLE>X</IS_NULLABLE>
     <REF_TYPE>T</REF_TYPE>
     <ABAP_FIELD>SIGN</ABAP_FIELD>
     <ABTY_XU>X</ABTY_XU>
     <SORT_ORDER>2</SORT_ORDER>
     <DESCRIPTION_XU>X</DESCRIPTION_XU>
    </_-IWBEP_-I_SBO_PR>
    <_-IWBEP_-I_SBO_PR>
     <PROJECT>ZRNDIC_MB5B_FM</PROJECT>
     <NODE_UUID>AFBWizboHtqO84qgnwwAtw==</NODE_UUID>
     <PARENT_UUID>AFBWizboHtqO84qgnwvgtw==</PARENT_UUID>
     <NAME>DbConnection</NAME>
     <CREATABLE>X</CREATABLE>
     <FILTERABLE>X</FILTERABLE>
     <SORTABLE>X</SORTABLE>
     <EDM_CORE_TYPE>Edm.String</EDM_CORE_TYPE>
     <UPDATABLE>X</UPDATABLE>
     <IS_NULLABLE>X</IS_NULLABLE>
     <REF_TYPE>T</REF_TYPE>
     <ABAP_FIELD>DB_CONNECTION</ABAP_FIELD>
     <ABTY_XU>X</ABTY_XU>
     <SORT_ORDER>2</SORT_ORDER>
     <DESCRIPTION_XU>X</DESCRIPTION_XU>
    </_-IWBEP_-I_SBO_PR>
    <_-IWBEP_-I_SBO_PR>
     <PROJECT>ZRNDIC_MB5B_FM</PROJECT>
     <NODE_UUID>AFBWizboHtqO84qgnwxgtw==</NODE_UUID>
     <PARENT_UUID>AFBWizboHtqO84qgnwvgtw==</PARENT_UUID>
     <NAME>FmName</NAME>
     <IS_KEY>X</IS_KEY>
     <CREATABLE>X</CREATABLE>
     <FILTERABLE>X</FILTERABLE>
     <SORTABLE>X</SORTABLE>
     <EDM_CORE_TYPE>Edm.String</EDM_CORE_TYPE>
     <UPDATABLE>X</UPDATABLE>
     <REF_TYPE>T</REF_TYPE>
     <ABAP_FIELD>FM_NAME</ABAP_FIELD>
     <ABTY_XU>X</ABTY_XU>
     <SORT_ORDER>1</SORT_ORDER>
     <DESCRIPTION_XU>X</DESCRIPTION_XU>
    </_-IWBEP_-I_SBO_PR>
    <_-IWBEP_-I_SBO_PR>
     <PROJECT>ZRNDIC_MB5B_FM</PROJECT>
     <NODE_UUID>AFBWizboHtqO84qgnw0Atw==</NODE_UUID>
     <PARENT_UUID>AFBWizboHtqO84qgnwzgtw==</PARENT_UUID>
     <NAME>FieldValue</NAME>
     <CREATABLE>X</CREATABLE>
     <FILTERABLE>X</FILTERABLE>
     <SORTABLE>X</SORTABLE>
     <EDM_CORE_TYPE>Edm.String</EDM_CORE_TYPE>
     <UPDATABLE>X</UPDATABLE>
     <IS_NULLABLE>X</IS_NULLABLE>
     <REF_TYPE>T</REF_TYPE>
     <ABAP_FIELD>FIELD_VALUE</ABAP_FIELD>
     <ABTY_XU>X</ABTY_XU>
     <SORT_ORDER>4</SORT_ORDER>
     <DESCRIPTION_XU>X</DESCRIPTION_XU>
    </_-IWBEP_-I_SBO_PR>
    <_-IWBEP_-I_SBO_PR>
     <PROJECT>ZRNDIC_MB5B_FM</PROJECT>
     <NODE_UUID>AFBWizboHtqO84qgnw0gtw==</NODE_UUID>
     <PARENT_UUID>AFBWizboHtqO84qgnwzgtw==</PARENT_UUID>
     <NAME>FieldName</NAME>
     <IS_KEY>X</IS_KEY>
     <CREATABLE>X</CREATABLE>
     <FILTERABLE>X</FILTERABLE>
     <SORTABLE>X</SORTABLE>
     <EDM_CORE_TYPE>Edm.String</EDM_CORE_TYPE>
     <UPDATABLE>X</UPDATABLE>
     <REF_TYPE>T</REF_TYPE>
     <ABAP_FIELD>FIELD_NAME</ABAP_FIELD>
     <ABTY_XU>X</ABTY_XU>
     <SORT_ORDER>3</SORT_ORDER>
     <DESCRIPTION_XU>X</DESCRIPTION_XU>
    </_-IWBEP_-I_SBO_PR>
    <_-IWBEP_-I_SBO_PR>
     <PROJECT>ZRNDIC_MB5B_FM</PROJECT>
     <NODE_UUID>AFBWizboHtqO84qgnw2Atw==</NODE_UUID>
     <PARENT_UUID>AFBWizboHtqO84qgnw1gtw==</PARENT_UUID>
     <NAME>TableName</NAME>
     <IS_KEY>X</IS_KEY>
     <CREATABLE>X</CREATABLE>
     <FILTERABLE>X</FILTERABLE>
     <SORTABLE>X</SORTABLE>
     <EDM_CORE_TYPE>Edm.String</EDM_CORE_TYPE>
     <UPDATABLE>X</UPDATABLE>
     <REF_TYPE>T</REF_TYPE>
     <ABAP_FIELD>TABLE_NAME</ABAP_FIELD>
     <ABTY_XU>X</ABTY_XU>
     <SORT_ORDER>1</SORT_ORDER>
     <DESCRIPTION_XU>X</DESCRIPTION_XU>
    </_-IWBEP_-I_SBO_PR>
    <_-IWBEP_-I_SBO_PR>
     <PROJECT>ZRNDIC_MB5B_FM</PROJECT>
     <NODE_UUID>AFBWizboHtqO84qgnw3gtw==</NODE_UUID>
     <PARENT_UUID>AFBWizboHtqO84qgnw3Atw==</PARENT_UUID>
     <NAME>FieldValue</NAME>
     <CREATABLE>X</CREATABLE>
     <FILTERABLE>X</FILTERABLE>
     <SORTABLE>X</SORTABLE>
     <EDM_CORE_TYPE>Edm.String</EDM_CORE_TYPE>
     <UPDATABLE>X</UPDATABLE>
     <IS_NULLABLE>X</IS_NULLABLE>
     <REF_TYPE>T</REF_TYPE>
     <ABAP_FIELD>FIELD_VALUE</ABAP_FIELD>
     <ABTY_XU>X</ABTY_XU>
     <SORT_ORDER>3</SORT_ORDER>
     <DESCRIPTION_XU>X</DESCRIPTION_XU>
    </_-IWBEP_-I_SBO_PR>
    <_-IWBEP_-I_SBO_PR>
     <PROJECT>ZRNDIC_MB5B_FM</PROJECT>
     <NODE_UUID>AFBWizboHtqO84qgnw4Atw==</NODE_UUID>
     <PARENT_UUID>AFBWizboHtqO84qgnw3Atw==</PARENT_UUID>
     <NAME>FieldName</NAME>
     <IS_KEY>X</IS_KEY>
     <CREATABLE>X</CREATABLE>
     <FILTERABLE>X</FILTERABLE>
     <SORTABLE>X</SORTABLE>
     <EDM_CORE_TYPE>Edm.String</EDM_CORE_TYPE>
     <UPDATABLE>X</UPDATABLE>
     <REF_TYPE>T</REF_TYPE>
     <ABAP_FIELD>FIELD_NAME</ABAP_FIELD>
     <ABTY_XU>X</ABTY_XU>
     <SORT_ORDER>2</SORT_ORDER>
     <DESCRIPTION_XU>X</DESCRIPTION_XU>
    </_-IWBEP_-I_SBO_PR>
    <_-IWBEP_-I_SBO_PR>
     <PROJECT>ZRNDIC_MB5B_FM</PROJECT>
     <NODE_UUID>AFBWizboHtqO84qgnw4gtw==</NODE_UUID>
     <PARENT_UUID>AFBWizboHtqO84qgnw3Atw==</PARENT_UUID>
     <NAME>RowId</NAME>
     <IS_KEY>X</IS_KEY>
     <CREATABLE>X</CREATABLE>
     <FILTERABLE>X</FILTERABLE>
     <SORTABLE>X</SORTABLE>
     <EDM_CORE_TYPE>Edm.Int16</EDM_CORE_TYPE>
     <UPDATABLE>X</UPDATABLE>
     <REF_TYPE>T</REF_TYPE>
     <ABAP_FIELD>ROW_ID</ABAP_FIELD>
     <ABTY_XU>X</ABTY_XU>
     <SORT_ORDER>1</SORT_ORDER>
     <DESCRIPTION_XU>X</DESCRIPTION_XU>
    </_-IWBEP_-I_SBO_PR>
    <_-IWBEP_-I_SBO_PR>
     <PROJECT>ZRNDIC_MB5B_FM</PROJECT>
     <NODE_UUID>AFBWizboHtqPhWbPixqAtw==</NODE_UUID>
     <PARENT_UUID>AFBWizboHtqO84qgnwvgtw==</PARENT_UUID>
     <NAME>RfcDestination</NAME>
     <CREATABLE>X</CREATABLE>
     <FILTERABLE>X</FILTERABLE>
     <SORTABLE>X</SORTABLE>
     <EDM_CORE_TYPE>Edm.String</EDM_CORE_TYPE>
     <UPDATABLE>X</UPDATABLE>
     <IS_NULLABLE>X</IS_NULLABLE>
     <REF_TYPE>T</REF_TYPE>
     <ABAP_FIELD>RFC_DESTINATION</ABAP_FIELD>
     <ABTY_XU>X</ABTY_XU>
     <SORT_ORDER>3</SORT_ORDER>
     <DESCRIPTION_XU>X</DESCRIPTION_XU>
    </_-IWBEP_-I_SBO_PR>
    <_-IWBEP_-I_SBO_PR>
     <PROJECT>ZRNDIC_MB5B_FM</PROJECT>
     <NODE_UUID>AFBWizboHtqPhYk+5CnAtw==</NODE_UUID>
     <PARENT_UUID>AFBWizboHtqO84qgnwsgtw==</PARENT_UUID>
     <NAME>SelOptId</NAME>
     <IS_KEY>X</IS_KEY>
     <CREATABLE>X</CREATABLE>
     <FILTERABLE>X</FILTERABLE>
     <SORTABLE>X</SORTABLE>
     <EDM_CORE_TYPE>Edm.Int16</EDM_CORE_TYPE>
     <UPDATABLE>X</UPDATABLE>
     <REF_TYPE>T</REF_TYPE>
     <ABAP_FIELD>SEL_OPT_ID</ABAP_FIELD>
     <ABTY_XU>X</ABTY_XU>
     <SORT_ORDER>1</SORT_ORDER>
     <DESCRIPTION_XU>X</DESCRIPTION_XU>
    </_-IWBEP_-I_SBO_PR>
    <_-IWBEP_-I_SBO_PR>
     <PROJECT>ZRNDIC_MB5B_FM</PROJECT>
     <NODE_UUID>AFBWizboHtqPh2STR3ugtw==</NODE_UUID>
     <PARENT_UUID>AFBWizboHtqO84qgnwzgtw==</PARENT_UUID>
     <NAME>StructureName</NAME>
     <IS_KEY>X</IS_KEY>
     <CREATABLE>X</CREATABLE>
     <FILTERABLE>X</FILTERABLE>
     <SORTABLE>X</SORTABLE>
     <EDM_CORE_TYPE>Edm.String</EDM_CORE_TYPE>
     <UPDATABLE>X</UPDATABLE>
     <REF_TYPE>T</REF_TYPE>
     <ABAP_FIELD>STRUCTURE_NAME</ABAP_FIELD>
     <ABTY_XU>X</ABTY_XU>
     <SORT_ORDER>2</SORT_ORDER>
     <DESCRIPTION_XU>X</DESCRIPTION_XU>
    </_-IWBEP_-I_SBO_PR>
    <_-IWBEP_-I_SBO_PR>
     <PROJECT>ZRNDIC_MB5B_FM</PROJECT>
     <NODE_UUID>AFBWizboHtqPvb/q5bMgtw==</NODE_UUID>
     <PARENT_UUID>AFBWizboHtqPvbym9n4gtw==</PARENT_UUID>
     <NAME>RowId</NAME>
     <IS_KEY>X</IS_KEY>
     <CREATABLE>X</CREATABLE>
     <FILTERABLE>X</FILTERABLE>
     <SORTABLE>X</SORTABLE>
     <EDM_CORE_TYPE>Edm.Int16</EDM_CORE_TYPE>
     <UPDATABLE>X</UPDATABLE>
     <REF_TYPE>T</REF_TYPE>
     <ABAP_FIELD>ROW_ID</ABAP_FIELD>
     <ABTY_XU>X</ABTY_XU>
     <SORT_ORDER>1</SORT_ORDER>
     <DESCRIPTION_XU>X</DESCRIPTION_XU>
    </_-IWBEP_-I_SBO_PR>
    <_-IWBEP_-I_SBO_PR>
     <PROJECT>ZRNDIC_MB5B_FM</PROJECT>
     <NODE_UUID>AFBWizboHtqPvb/q5bNAtw==</NODE_UUID>
     <PARENT_UUID>AFBWizboHtqPvbym9n4gtw==</PARENT_UUID>
     <NAME>StructureName</NAME>
     <IS_KEY>X</IS_KEY>
     <CREATABLE>X</CREATABLE>
     <FILTERABLE>X</FILTERABLE>
     <SORTABLE>X</SORTABLE>
     <EDM_CORE_TYPE>Edm.String</EDM_CORE_TYPE>
     <UPDATABLE>X</UPDATABLE>
     <REF_TYPE>T</REF_TYPE>
     <ABAP_FIELD>STRUCTURE_NAME</ABAP_FIELD>
     <ABTY_XU>X</ABTY_XU>
     <SORT_ORDER>2</SORT_ORDER>
     <DESCRIPTION_XU>X</DESCRIPTION_XU>
    </_-IWBEP_-I_SBO_PR>
    <_-IWBEP_-I_SBO_PR>
     <PROJECT>ZRNDIC_MB5B_FM</PROJECT>
     <NODE_UUID>AFBWizboHtqPvb/q5bNgtw==</NODE_UUID>
     <PARENT_UUID>AFBWizboHtqPvbym9n4gtw==</PARENT_UUID>
     <NAME>FieldName</NAME>
     <IS_KEY>X</IS_KEY>
     <CREATABLE>X</CREATABLE>
     <FILTERABLE>X</FILTERABLE>
     <SORTABLE>X</SORTABLE>
     <EDM_CORE_TYPE>Edm.String</EDM_CORE_TYPE>
     <UPDATABLE>X</UPDATABLE>
     <REF_TYPE>T</REF_TYPE>
     <ABAP_FIELD>FIELD_NAME</ABAP_FIELD>
     <ABTY_XU>X</ABTY_XU>
     <SORT_ORDER>3</SORT_ORDER>
     <DESCRIPTION_XU>X</DESCRIPTION_XU>
    </_-IWBEP_-I_SBO_PR>
    <_-IWBEP_-I_SBO_PR>
     <PROJECT>ZRNDIC_MB5B_FM</PROJECT>
     <NODE_UUID>AFBWizboHtqPvb/q5bOAtw==</NODE_UUID>
     <PARENT_UUID>AFBWizboHtqPvbym9n4gtw==</PARENT_UUID>
     <NAME>FieldValue</NAME>
     <CREATABLE>X</CREATABLE>
     <FILTERABLE>X</FILTERABLE>
     <SORTABLE>X</SORTABLE>
     <EDM_CORE_TYPE>Edm.String</EDM_CORE_TYPE>
     <UPDATABLE>X</UPDATABLE>
     <IS_NULLABLE>X</IS_NULLABLE>
     <REF_TYPE>T</REF_TYPE>
     <ABAP_FIELD>FIELD_VALUE</ABAP_FIELD>
     <ABTY_XU>X</ABTY_XU>
     <SORT_ORDER>4</SORT_ORDER>
     <DESCRIPTION_XU>X</DESCRIPTION_XU>
    </_-IWBEP_-I_SBO_PR>
    <_-IWBEP_-I_SBO_PR>
     <PROJECT>ZRNDIC_MB5B_FM</PROJECT>
     <NODE_UUID>AFBWizboHtqQnNMRBAEguA==</NODE_UUID>
     <PARENT_UUID>AFBWizboHtqO84qgnwzgtw==</PARENT_UUID>
     <NAME>RowId</NAME>
     <CREATABLE>X</CREATABLE>
     <FILTERABLE>X</FILTERABLE>
     <SORTABLE>X</SORTABLE>
     <EDM_CORE_TYPE>Edm.Int16</EDM_CORE_TYPE>
     <UPDATABLE>X</UPDATABLE>
     <IS_NULLABLE>X</IS_NULLABLE>
     <REF_TYPE>T</REF_TYPE>
     <ABAP_FIELD>ROW_ID</ABAP_FIELD>
     <ABTY_XU>X</ABTY_XU>
     <SORT_ORDER>1</SORT_ORDER>
     <DESCRIPTION_XU>X</DESCRIPTION_XU>
    </_-IWBEP_-I_SBO_PR>
   </_-IWBEP_-I_SBO_PR>
   <_-IWBEP_-I_SBO_PRT>
    <_-IWBEP_-I_SBO_PRT>
     <SYLANGU>E</SYLANGU>
     <PROJECT>ZRNDIC_MB5B_FM</PROJECT>
     <NODE_UUID>AFBWizboHtqO84qgnwrgtw==</NODE_UUID>
    </_-IWBEP_-I_SBO_PRT>
    <_-IWBEP_-I_SBO_PRT>
     <SYLANGU>E</SYLANGU>
     <PROJECT>ZRNDIC_MB5B_FM</PROJECT>
     <NODE_UUID>AFBWizboHtqO84qgnwtgtw==</NODE_UUID>
    </_-IWBEP_-I_SBO_PRT>
    <_-IWBEP_-I_SBO_PRT>
     <SYLANGU>E</SYLANGU>
     <PROJECT>ZRNDIC_MB5B_FM</PROJECT>
     <NODE_UUID>AFBWizboHtqO84qgnwuAtw==</NODE_UUID>
    </_-IWBEP_-I_SBO_PRT>
    <_-IWBEP_-I_SBO_PRT>
     <SYLANGU>E</SYLANGU>
     <PROJECT>ZRNDIC_MB5B_FM</PROJECT>
     <NODE_UUID>AFBWizboHtqO84qgnwugtw==</NODE_UUID>
    </_-IWBEP_-I_SBO_PRT>
    <_-IWBEP_-I_SBO_PRT>
     <SYLANGU>E</SYLANGU>
     <PROJECT>ZRNDIC_MB5B_FM</PROJECT>
     <NODE_UUID>AFBWizboHtqO84qgnwvAtw==</NODE_UUID>
    </_-IWBEP_-I_SBO_PRT>
    <_-IWBEP_-I_SBO_PRT>
     <SYLANGU>E</SYLANGU>
     <PROJECT>ZRNDIC_MB5B_FM</PROJECT>
     <NODE_UUID>AFBWizboHtqO84qgnwwAtw==</NODE_UUID>
    </_-IWBEP_-I_SBO_PRT>
    <_-IWBEP_-I_SBO_PRT>
     <SYLANGU>E</SYLANGU>
     <PROJECT>ZRNDIC_MB5B_FM</PROJECT>
     <NODE_UUID>AFBWizboHtqO84qgnwxgtw==</NODE_UUID>
    </_-IWBEP_-I_SBO_PRT>
    <_-IWBEP_-I_SBO_PRT>
     <SYLANGU>E</SYLANGU>
     <PROJECT>ZRNDIC_MB5B_FM</PROJECT>
     <NODE_UUID>AFBWizboHtqO84qgnw0Atw==</NODE_UUID>
    </_-IWBEP_-I_SBO_PRT>
    <_-IWBEP_-I_SBO_PRT>
     <SYLANGU>E</SYLANGU>
     <PROJECT>ZRNDIC_MB5B_FM</PROJECT>
     <NODE_UUID>AFBWizboHtqO84qgnw0gtw==</NODE_UUID>
    </_-IWBEP_-I_SBO_PRT>
    <_-IWBEP_-I_SBO_PRT>
     <SYLANGU>E</SYLANGU>
     <PROJECT>ZRNDIC_MB5B_FM</PROJECT>
     <NODE_UUID>AFBWizboHtqO84qgnw2Atw==</NODE_UUID>
    </_-IWBEP_-I_SBO_PRT>
    <_-IWBEP_-I_SBO_PRT>
     <SYLANGU>E</SYLANGU>
     <PROJECT>ZRNDIC_MB5B_FM</PROJECT>
     <NODE_UUID>AFBWizboHtqO84qgnw3gtw==</NODE_UUID>
    </_-IWBEP_-I_SBO_PRT>
    <_-IWBEP_-I_SBO_PRT>
     <SYLANGU>E</SYLANGU>
     <PROJECT>ZRNDIC_MB5B_FM</PROJECT>
     <NODE_UUID>AFBWizboHtqO84qgnw4Atw==</NODE_UUID>
    </_-IWBEP_-I_SBO_PRT>
    <_-IWBEP_-I_SBO_PRT>
     <SYLANGU>E</SYLANGU>
     <PROJECT>ZRNDIC_MB5B_FM</PROJECT>
     <NODE_UUID>AFBWizboHtqO84qgnw4gtw==</NODE_UUID>
    </_-IWBEP_-I_SBO_PRT>
    <_-IWBEP_-I_SBO_PRT>
     <SYLANGU>E</SYLANGU>
     <PROJECT>ZRNDIC_MB5B_FM</PROJECT>
     <NODE_UUID>AFBWizboHtqPhWbPixqAtw==</NODE_UUID>
    </_-IWBEP_-I_SBO_PRT>
    <_-IWBEP_-I_SBO_PRT>
     <SYLANGU>E</SYLANGU>
     <PROJECT>ZRNDIC_MB5B_FM</PROJECT>
     <NODE_UUID>AFBWizboHtqPhYk+5CnAtw==</NODE_UUID>
    </_-IWBEP_-I_SBO_PRT>
    <_-IWBEP_-I_SBO_PRT>
     <SYLANGU>E</SYLANGU>
     <PROJECT>ZRNDIC_MB5B_FM</PROJECT>
     <NODE_UUID>AFBWizboHtqPh2STR3ugtw==</NODE_UUID>
    </_-IWBEP_-I_SBO_PRT>
    <_-IWBEP_-I_SBO_PRT>
     <SYLANGU>E</SYLANGU>
     <PROJECT>ZRNDIC_MB5B_FM</PROJECT>
     <NODE_UUID>AFBWizboHtqPvb/q5bMgtw==</NODE_UUID>
    </_-IWBEP_-I_SBO_PRT>
    <_-IWBEP_-I_SBO_PRT>
     <SYLANGU>E</SYLANGU>
     <PROJECT>ZRNDIC_MB5B_FM</PROJECT>
     <NODE_UUID>AFBWizboHtqPvb/q5bNAtw==</NODE_UUID>
    </_-IWBEP_-I_SBO_PRT>
    <_-IWBEP_-I_SBO_PRT>
     <SYLANGU>E</SYLANGU>
     <PROJECT>ZRNDIC_MB5B_FM</PROJECT>
     <NODE_UUID>AFBWizboHtqPvb/q5bNgtw==</NODE_UUID>
    </_-IWBEP_-I_SBO_PRT>
    <_-IWBEP_-I_SBO_PRT>
     <SYLANGU>E</SYLANGU>
     <PROJECT>ZRNDIC_MB5B_FM</PROJECT>
     <NODE_UUID>AFBWizboHtqPvb/q5bOAtw==</NODE_UUID>
    </_-IWBEP_-I_SBO_PRT>
    <_-IWBEP_-I_SBO_PRT>
     <SYLANGU>E</SYLANGU>
     <PROJECT>ZRNDIC_MB5B_FM</PROJECT>
     <NODE_UUID>AFBWizboHtqQnNMRBAEguA==</NODE_UUID>
    </_-IWBEP_-I_SBO_PRT>
   </_-IWBEP_-I_SBO_PRT>
  </asx:values>
 </asx:abap>
</abapGit>
