﻿<?xml version="1.0" encoding="utf-8"?>
<abapGit version="v1.0.0" serializer="LCL_OBJECT_IWPR" serializer_version="v1.0.0">
 <asx:abap xmlns:asx="http://www.sap.com/abapxml" version="1.0">
  <asx:values>
   <_-IWBEP_-I_SBD_GA>
    <_-IWBEP_-I_SBD_GA>
     <PROJECT>ZRNDIC_SELECT_SINGLE</PROJECT>
     <NODE_UUID>AFBWizboHtqJyJku+g2YlA==</NODE_UUID>
     <CREATION_USER_ID>DEVELOPER3</CREATION_USER_ID>
     <CREATION_TIME>20191224115909.867</CREATION_TIME>
     <LAST_CHG_USER_ID>DEVELOPER3</LAST_CHG_USER_ID>
     <LAST_CHG_TIME>20200225130040.43</LAST_CHG_TIME>
     <NAME>ZCL_SELECT_SINGLE_MPC</NAME>
     <PGMID>R3TR</PGMID>
     <TROBJ_TYPE>CLAS</TROBJ_TYPE>
     <TROBJ_NAME>ZCL_SELECT_SINGLE_MPC</TROBJ_NAME>
     <GEN_ART_TYPE>MPCB</GEN_ART_TYPE>
    </_-IWBEP_-I_SBD_GA>
    <_-IWBEP_-I_SBD_GA>
     <PROJECT>ZRNDIC_SELECT_SINGLE</PROJECT>
     <NODE_UUID>AFBWizboHtqJyJku+g24lA==</NODE_UUID>
     <CREATION_USER_ID>DEVELOPER3</CREATION_USER_ID>
     <CREATION_TIME>20191224115909.867</CREATION_TIME>
     <LAST_CHG_USER_ID>DEVELOPER3</LAST_CHG_USER_ID>
     <LAST_CHG_TIME>20200225130040.43</LAST_CHG_TIME>
     <NAME>ZCL_SELECT_SINGLE_MPC_EXT</NAME>
     <PGMID>R3TR</PGMID>
     <TROBJ_TYPE>CLAS</TROBJ_TYPE>
     <TROBJ_NAME>ZCL_SELECT_SINGLE_MPC_EXT</TROBJ_NAME>
     <GEN_ART_TYPE>MPCS</GEN_ART_TYPE>
    </_-IWBEP_-I_SBD_GA>
    <_-IWBEP_-I_SBD_GA>
     <PROJECT>ZRNDIC_SELECT_SINGLE</PROJECT>
     <NODE_UUID>AFBWizboHtqJyJku+g3YlA==</NODE_UUID>
     <CREATION_USER_ID>DEVELOPER3</CREATION_USER_ID>
     <CREATION_TIME>20191224115911.396</CREATION_TIME>
     <LAST_CHG_USER_ID>DEVELOPER3</LAST_CHG_USER_ID>
     <LAST_CHG_TIME>20191230070428.888</LAST_CHG_TIME>
     <NAME>ZCL_SELECT_SINGLE_DPC</NAME>
     <PGMID>R3TR</PGMID>
     <TROBJ_TYPE>CLAS</TROBJ_TYPE>
     <TROBJ_NAME>ZCL_SELECT_SINGLE_DPC</TROBJ_NAME>
     <GEN_ART_TYPE>DPCB</GEN_ART_TYPE>
    </_-IWBEP_-I_SBD_GA>
    <_-IWBEP_-I_SBD_GA>
     <PROJECT>ZRNDIC_SELECT_SINGLE</PROJECT>
     <NODE_UUID>AFBWizboHtqJyJku+g34lA==</NODE_UUID>
     <CREATION_USER_ID>DEVELOPER3</CREATION_USER_ID>
     <CREATION_TIME>20191224115912.535</CREATION_TIME>
     <NAME>ZCL_SELECT_SINGLE_DPC_EXT</NAME>
     <PGMID>R3TR</PGMID>
     <TROBJ_TYPE>CLAS</TROBJ_TYPE>
     <TROBJ_NAME>ZCL_SELECT_SINGLE_DPC_EXT</TROBJ_NAME>
     <GEN_ART_TYPE>DPCS</GEN_ART_TYPE>
    </_-IWBEP_-I_SBD_GA>
    <_-IWBEP_-I_SBD_GA>
     <PROJECT>ZRNDIC_SELECT_SINGLE</PROJECT>
     <NODE_UUID>AFBWizboHtqJyJku+g4YlA==</NODE_UUID>
     <CREATION_USER_ID>DEVELOPER3</CREATION_USER_ID>
     <CREATION_TIME>20191224115913.159</CREATION_TIME>
     <NAME>ZRNDIC_SELECT_SINGLE_MDL</NAME>
     <PGMID>R3TR</PGMID>
     <TROBJ_TYPE>IWMO</TROBJ_TYPE>
     <TROBJ_NAME>ZRNDIC_SELECT_SINGLE_MDL</TROBJ_NAME>
     <GEN_ART_TYPE>MDL</GEN_ART_TYPE>
    </_-IWBEP_-I_SBD_GA>
    <_-IWBEP_-I_SBD_GA>
     <PROJECT>ZRNDIC_SELECT_SINGLE</PROJECT>
     <NODE_UUID>AFBWizboHtqJyJku+g44lA==</NODE_UUID>
     <CREATION_USER_ID>DEVELOPER3</CREATION_USER_ID>
     <CREATION_TIME>20191224115913.159</CREATION_TIME>
     <NAME>ZRNDIC_SELECT_SINGLE_SRV</NAME>
     <PGMID>R3TR</PGMID>
     <TROBJ_TYPE>IWSV</TROBJ_TYPE>
     <TROBJ_NAME>ZRNDIC_SELECT_SINGLE_SRV</TROBJ_NAME>
     <GEN_ART_TYPE>SRV</GEN_ART_TYPE>
    </_-IWBEP_-I_SBD_GA>
   </_-IWBEP_-I_SBD_GA>
   <_-IWBEP_-I_SBD_GAT>
    <_-IWBEP_-I_SBD_GAT>
     <SYLANGU>E</SYLANGU>
     <PROJECT>ZRNDIC_SELECT_SINGLE</PROJECT>
     <NODE_UUID>AFBWizboHtqJyJku+g2YlA==</NODE_UUID>
    </_-IWBEP_-I_SBD_GAT>
    <_-IWBEP_-I_SBD_GAT>
     <SYLANGU>E</SYLANGU>
     <PROJECT>ZRNDIC_SELECT_SINGLE</PROJECT>
     <NODE_UUID>AFBWizboHtqJyJku+g24lA==</NODE_UUID>
    </_-IWBEP_-I_SBD_GAT>
    <_-IWBEP_-I_SBD_GAT>
     <SYLANGU>E</SYLANGU>
     <PROJECT>ZRNDIC_SELECT_SINGLE</PROJECT>
     <NODE_UUID>AFBWizboHtqJyJku+g3YlA==</NODE_UUID>
    </_-IWBEP_-I_SBD_GAT>
    <_-IWBEP_-I_SBD_GAT>
     <SYLANGU>E</SYLANGU>
     <PROJECT>ZRNDIC_SELECT_SINGLE</PROJECT>
     <NODE_UUID>AFBWizboHtqJyJku+g34lA==</NODE_UUID>
    </_-IWBEP_-I_SBD_GAT>
    <_-IWBEP_-I_SBD_GAT>
     <SYLANGU>E</SYLANGU>
     <PROJECT>ZRNDIC_SELECT_SINGLE</PROJECT>
     <NODE_UUID>AFBWizboHtqJyJku+g4YlA==</NODE_UUID>
    </_-IWBEP_-I_SBD_GAT>
    <_-IWBEP_-I_SBD_GAT>
     <SYLANGU>E</SYLANGU>
     <PROJECT>ZRNDIC_SELECT_SINGLE</PROJECT>
     <NODE_UUID>AFBWizboHtqJyJku+g44lA==</NODE_UUID>
    </_-IWBEP_-I_SBD_GAT>
   </_-IWBEP_-I_SBD_GAT>
   <_-IWBEP_-I_SBD_MD>
    <_-IWBEP_-I_SBD_MD>
     <PROJECT>ZRNDIC_SELECT_SINGLE</PROJECT>
     <NODE_UUID>AFBWizboHtqJyIAkjh+4lA==</NODE_UUID>
     <NODE_UUID_PA>AFBWizboHtqJyIAkjh+YlA==</NODE_UUID_PA>
     <PLUGIN_PA>/IWBEP/CORE</PLUGIN_PA>
     <NODE_TYPE_PA>PROJ</NODE_TYPE_PA>
     <TECHNICAL_NAME>ZRNDIC_SELECT_SINGLE_MDL</TECHNICAL_NAME>
     <VERSION>0001</VERSION>
     <MPC>ZCL_SELECT_SINGLE_MPC_EXT</MPC>
    </_-IWBEP_-I_SBD_MD>
   </_-IWBEP_-I_SBD_MD>
   <_-IWBEP_-I_SBD_MDT>
    <_-IWBEP_-I_SBD_MDT>
     <SYLANGU>E</SYLANGU>
     <PROJECT>ZRNDIC_SELECT_SINGLE</PROJECT>
     <NODE_UUID>AFBWizboHtqJyIAkjh+4lA==</NODE_UUID>
    </_-IWBEP_-I_SBD_MDT>
   </_-IWBEP_-I_SBD_MDT>
   <_-IWBEP_-I_SBD_NOI>
    <_-IWBEP_-I_SBD_NOI>
     <PROJECT>ZRNDIC_SELECT_SINGLE</PROJECT>
     <NODE_UUID>AFBWizboHtqJyIAkjh+YlA==</NODE_UUID>
    </_-IWBEP_-I_SBD_NOI>
    <_-IWBEP_-I_SBD_NOI>
     <PROJECT>ZRNDIC_SELECT_SINGLE</PROJECT>
     <NODE_UUID>AFBWizboHtqJyIAkjh+4lA==</NODE_UUID>
    </_-IWBEP_-I_SBD_NOI>
    <_-IWBEP_-I_SBD_NOI>
     <PROJECT>ZRNDIC_SELECT_SINGLE</PROJECT>
     <NODE_UUID>AFBWizboHtqJyIAkjh/YlA==</NODE_UUID>
    </_-IWBEP_-I_SBD_NOI>
    <_-IWBEP_-I_SBD_NOI>
     <PROJECT>ZRNDIC_SELECT_SINGLE</PROJECT>
     <NODE_UUID>AFBWizboHtqJyIAkjh/4lA==</NODE_UUID>
    </_-IWBEP_-I_SBD_NOI>
    <_-IWBEP_-I_SBD_NOI>
     <PROJECT>ZRNDIC_SELECT_SINGLE</PROJECT>
     <NODE_UUID>AFBWizboHtqJyIIuwXr4lA==</NODE_UUID>
    </_-IWBEP_-I_SBD_NOI>
    <_-IWBEP_-I_SBD_NOI>
     <PROJECT>ZRNDIC_SELECT_SINGLE</PROJECT>
     <NODE_UUID>AFBWizboHtqJyJku+g2YlA==</NODE_UUID>
    </_-IWBEP_-I_SBD_NOI>
    <_-IWBEP_-I_SBD_NOI>
     <PROJECT>ZRNDIC_SELECT_SINGLE</PROJECT>
     <NODE_UUID>AFBWizboHtqJyJku+g24lA==</NODE_UUID>
    </_-IWBEP_-I_SBD_NOI>
    <_-IWBEP_-I_SBD_NOI>
     <PROJECT>ZRNDIC_SELECT_SINGLE</PROJECT>
     <NODE_UUID>AFBWizboHtqJyJku+g3YlA==</NODE_UUID>
    </_-IWBEP_-I_SBD_NOI>
    <_-IWBEP_-I_SBD_NOI>
     <PROJECT>ZRNDIC_SELECT_SINGLE</PROJECT>
     <NODE_UUID>AFBWizboHtqJyJku+g34lA==</NODE_UUID>
    </_-IWBEP_-I_SBD_NOI>
    <_-IWBEP_-I_SBD_NOI>
     <PROJECT>ZRNDIC_SELECT_SINGLE</PROJECT>
     <NODE_UUID>AFBWizboHtqJyJku+g4YlA==</NODE_UUID>
    </_-IWBEP_-I_SBD_NOI>
    <_-IWBEP_-I_SBD_NOI>
     <PROJECT>ZRNDIC_SELECT_SINGLE</PROJECT>
     <NODE_UUID>AFBWizboHtqJyJku+g44lA==</NODE_UUID>
    </_-IWBEP_-I_SBD_NOI>
    <_-IWBEP_-I_SBD_NOI>
     <PROJECT>ZRNDIC_SELECT_SINGLE</PROJECT>
     <NODE_UUID>AFBWizboHtqK2iGNpjygtw==</NODE_UUID>
    </_-IWBEP_-I_SBD_NOI>
    <_-IWBEP_-I_SBD_NOI>
     <PROJECT>ZRNDIC_SELECT_SINGLE</PROJECT>
     <NODE_UUID>AFBWizboHtqK2iGNpjzAtw==</NODE_UUID>
    </_-IWBEP_-I_SBD_NOI>
    <_-IWBEP_-I_SBD_NOI>
     <PROJECT>ZRNDIC_SELECT_SINGLE</PROJECT>
     <NODE_UUID>AFBWizboHtqK2iGNpjzgtw==</NODE_UUID>
    </_-IWBEP_-I_SBD_NOI>
    <_-IWBEP_-I_SBD_NOI>
     <PROJECT>ZRNDIC_SELECT_SINGLE</PROJECT>
     <NODE_UUID>AFBWizboHtqK2iGNpj0Atw==</NODE_UUID>
    </_-IWBEP_-I_SBD_NOI>
    <_-IWBEP_-I_SBD_NOI>
     <PROJECT>ZRNDIC_SELECT_SINGLE</PROJECT>
     <NODE_UUID>AFBWizboHtqK2iGNpj0gtw==</NODE_UUID>
    </_-IWBEP_-I_SBD_NOI>
    <_-IWBEP_-I_SBD_NOI>
     <PROJECT>ZRNDIC_SELECT_SINGLE</PROJECT>
     <NODE_UUID>AFBWizboHtqK2iGNpj1Atw==</NODE_UUID>
    </_-IWBEP_-I_SBD_NOI>
    <_-IWBEP_-I_SBD_NOI>
     <PROJECT>ZRNDIC_SELECT_SINGLE</PROJECT>
     <NODE_UUID>AFBWizboHtqK2mabQaHAtw==</NODE_UUID>
    </_-IWBEP_-I_SBD_NOI>
    <_-IWBEP_-I_SBD_NOI>
     <PROJECT>ZRNDIC_SELECT_SINGLE</PROJECT>
     <NODE_UUID>AFBWizboHtqK2mabQaHgtw==</NODE_UUID>
    </_-IWBEP_-I_SBD_NOI>
    <_-IWBEP_-I_SBD_NOI>
     <PROJECT>ZRNDIC_SELECT_SINGLE</PROJECT>
     <NODE_UUID>AFBWizboHtqK2mabQaIAtw==</NODE_UUID>
    </_-IWBEP_-I_SBD_NOI>
    <_-IWBEP_-I_SBD_NOI>
     <PROJECT>ZRNDIC_SELECT_SINGLE</PROJECT>
     <NODE_UUID>AFBWizboHtqK2mabQaIgtw==</NODE_UUID>
    </_-IWBEP_-I_SBD_NOI>
    <_-IWBEP_-I_SBD_NOI>
     <PROJECT>ZRNDIC_SELECT_SINGLE</PROJECT>
     <NODE_UUID>AFBWizboHtqK2mabQaJAtw==</NODE_UUID>
    </_-IWBEP_-I_SBD_NOI>
    <_-IWBEP_-I_SBD_NOI>
     <PROJECT>ZRNDIC_SELECT_SINGLE</PROJECT>
     <NODE_UUID>AFBWizboHtqK2mabQaJgtw==</NODE_UUID>
    </_-IWBEP_-I_SBD_NOI>
    <_-IWBEP_-I_SBD_NOI>
     <PROJECT>ZRNDIC_SELECT_SINGLE</PROJECT>
     <NODE_UUID>AFBWizboHtqK2mabQaKAtw==</NODE_UUID>
    </_-IWBEP_-I_SBD_NOI>
    <_-IWBEP_-I_SBD_NOI>
     <PROJECT>ZRNDIC_SELECT_SINGLE</PROJECT>
     <NODE_UUID>AFBWizboHtqV+dk4kp4guQ==</NODE_UUID>
    </_-IWBEP_-I_SBD_NOI>
   </_-IWBEP_-I_SBD_NOI>
   <_-IWBEP_-I_SBD_OP>
    <_-IWBEP_-I_SBD_OP>
     <PROJECT>ZRNDIC_SELECT_SINGLE</PROJECT>
     <NODE_UUID>AFBWizboHtqK2mabQaIAtw==</NODE_UUID>
     <PARENT_UUID>AFBWizboHtqK2mabQaHgtw==</PARENT_UUID>
     <NAME>Create</NAME>
     <OPERATION_TYPE>C</OPERATION_TYPE>
     <IMP_METHOD>SELECTSINGLESET_CREATE_ENTITY</IMP_METHOD>
    </_-IWBEP_-I_SBD_OP>
    <_-IWBEP_-I_SBD_OP>
     <PROJECT>ZRNDIC_SELECT_SINGLE</PROJECT>
     <NODE_UUID>AFBWizboHtqK2mabQaIgtw==</NODE_UUID>
     <PARENT_UUID>AFBWizboHtqK2mabQaHgtw==</PARENT_UUID>
     <NAME>GetEntity (Read)</NAME>
     <OPERATION_TYPE>R</OPERATION_TYPE>
     <IMP_METHOD>SELECTSINGLESET_GET_ENTITY</IMP_METHOD>
    </_-IWBEP_-I_SBD_OP>
    <_-IWBEP_-I_SBD_OP>
     <PROJECT>ZRNDIC_SELECT_SINGLE</PROJECT>
     <NODE_UUID>AFBWizboHtqK2mabQaJAtw==</NODE_UUID>
     <PARENT_UUID>AFBWizboHtqK2mabQaHgtw==</PARENT_UUID>
     <NAME>Update</NAME>
     <OPERATION_TYPE>U</OPERATION_TYPE>
     <IMP_METHOD>SELECTSINGLESET_UPDATE_ENTITY</IMP_METHOD>
    </_-IWBEP_-I_SBD_OP>
    <_-IWBEP_-I_SBD_OP>
     <PROJECT>ZRNDIC_SELECT_SINGLE</PROJECT>
     <NODE_UUID>AFBWizboHtqK2mabQaJgtw==</NODE_UUID>
     <PARENT_UUID>AFBWizboHtqK2mabQaHgtw==</PARENT_UUID>
     <NAME>Delete</NAME>
     <OPERATION_TYPE>D</OPERATION_TYPE>
     <IMP_METHOD>SELECTSINGLESET_DELETE_ENTITY</IMP_METHOD>
    </_-IWBEP_-I_SBD_OP>
    <_-IWBEP_-I_SBD_OP>
     <PROJECT>ZRNDIC_SELECT_SINGLE</PROJECT>
     <NODE_UUID>AFBWizboHtqK2mabQaKAtw==</NODE_UUID>
     <PARENT_UUID>AFBWizboHtqK2mabQaHgtw==</PARENT_UUID>
     <NAME>GetEntitySet (Query)</NAME>
     <OPERATION_TYPE>Q</OPERATION_TYPE>
     <IMP_METHOD>SELECTSINGLESET_GET_ENTITYSET</IMP_METHOD>
    </_-IWBEP_-I_SBD_OP>
   </_-IWBEP_-I_SBD_OP>
   <_-IWBEP_-I_SBD_OPT>
    <_-IWBEP_-I_SBD_OPT>
     <SYLANGU>E</SYLANGU>
     <PROJECT>ZRNDIC_SELECT_SINGLE</PROJECT>
     <NODE_UUID>AFBWizboHtqK2mabQaIAtw==</NODE_UUID>
    </_-IWBEP_-I_SBD_OPT>
    <_-IWBEP_-I_SBD_OPT>
     <SYLANGU>E</SYLANGU>
     <PROJECT>ZRNDIC_SELECT_SINGLE</PROJECT>
     <NODE_UUID>AFBWizboHtqK2mabQaIgtw==</NODE_UUID>
    </_-IWBEP_-I_SBD_OPT>
    <_-IWBEP_-I_SBD_OPT>
     <SYLANGU>E</SYLANGU>
     <PROJECT>ZRNDIC_SELECT_SINGLE</PROJECT>
     <NODE_UUID>AFBWizboHtqK2mabQaJAtw==</NODE_UUID>
    </_-IWBEP_-I_SBD_OPT>
    <_-IWBEP_-I_SBD_OPT>
     <SYLANGU>E</SYLANGU>
     <PROJECT>ZRNDIC_SELECT_SINGLE</PROJECT>
     <NODE_UUID>AFBWizboHtqK2mabQaJgtw==</NODE_UUID>
    </_-IWBEP_-I_SBD_OPT>
    <_-IWBEP_-I_SBD_OPT>
     <SYLANGU>E</SYLANGU>
     <PROJECT>ZRNDIC_SELECT_SINGLE</PROJECT>
     <NODE_UUID>AFBWizboHtqK2mabQaKAtw==</NODE_UUID>
    </_-IWBEP_-I_SBD_OPT>
   </_-IWBEP_-I_SBD_OPT>
   <_-IWBEP_-I_SBD_PR>
    <_-IWBEP_-I_SBD_PR>
     <PROJECT>ZRNDIC_SELECT_SINGLE</PROJECT>
     <NODE_UUID>AFBWizboHtqJyIAkjh+YlA==</NODE_UUID>
     <CREATION_USER_ID>DEVELOPER3</CREATION_USER_ID>
     <CREATION_TIME>20191224115331.701</CREATION_TIME>
     <LAST_CHG_USER_ID>DEVELOPER3</LAST_CHG_USER_ID>
     <LAST_CHG_TIME>20200225130042.93</LAST_CHG_TIME>
     <LAST_CHG_STATE>AFBWizboHtqV+dos9QXguQ==</LAST_CHG_STATE>
     <PLUGIN>/IWBEP/GEN</PLUGIN>
     <STRAT_NAME>0001</STRAT_NAME>
     <STRAT_VERSION>0001</STRAT_VERSION>
     <PROJECT_TYPE>1</PROJECT_TYPE>
    </_-IWBEP_-I_SBD_PR>
   </_-IWBEP_-I_SBD_PR>
   <_-IWBEP_-I_SBD_PRT>
    <_-IWBEP_-I_SBD_PRT>
     <PROJECT>ZRNDIC_SELECT_SINGLE</PROJECT>
     <SYLANGU>E</SYLANGU>
     <DESCRIPTION>Service to handle select single</DESCRIPTION>
    </_-IWBEP_-I_SBD_PRT>
   </_-IWBEP_-I_SBD_PRT>
   <_-IWBEP_-I_SBD_SE>
    <_-IWBEP_-I_SBD_SE>
     <PROJECT>ZRNDIC_SELECT_SINGLE</PROJECT>
     <NODE_UUID>AFBWizboHtqK2mabQaHgtw==</NODE_UUID>
     <PARENT_UUID>AFBWizboHtqJyIAkjh/YlA==</PARENT_UUID>
     <NAME>SelectSingleSet</NAME>
     <ENTITY_SET_UUID>AFBWizboHtqK2mabQaHAtw==</ENTITY_SET_UUID>
    </_-IWBEP_-I_SBD_SE>
   </_-IWBEP_-I_SBD_SE>
   <_-IWBEP_-I_SBD_SET>
    <_-IWBEP_-I_SBD_SET>
     <SYLANGU>E</SYLANGU>
     <PROJECT>ZRNDIC_SELECT_SINGLE</PROJECT>
     <NODE_UUID>AFBWizboHtqK2mabQaHgtw==</NODE_UUID>
    </_-IWBEP_-I_SBD_SET>
   </_-IWBEP_-I_SBD_SET>
   <_-IWBEP_-I_SBD_SV>
    <_-IWBEP_-I_SBD_SV>
     <PROJECT>ZRNDIC_SELECT_SINGLE</PROJECT>
     <NODE_UUID>AFBWizboHtqJyIAkjh/YlA==</NODE_UUID>
     <TECHNICAL_NAME>ZRNDIC_SELECT_SINGLE_SRV</TECHNICAL_NAME>
     <VERSION>0001</VERSION>
     <DPC>ZCL_SELECT_SINGLE_DPC_EXT</DPC>
     <EXTERNAL_NAME>ZRNDIC_SELECT_SINGLE_SRV</EXTERNAL_NAME>
    </_-IWBEP_-I_SBD_SV>
   </_-IWBEP_-I_SBD_SV>
   <_-IWBEP_-I_SBD_SVT>
    <_-IWBEP_-I_SBD_SVT>
     <SYLANGU>E</SYLANGU>
     <PROJECT>ZRNDIC_SELECT_SINGLE</PROJECT>
     <NODE_UUID>AFBWizboHtqJyIAkjh/YlA==</NODE_UUID>
    </_-IWBEP_-I_SBD_SVT>
   </_-IWBEP_-I_SBD_SVT>
   <_-IWBEP_-I_SBO_ES>
    <_-IWBEP_-I_SBO_ES>
     <PROJECT>ZRNDIC_SELECT_SINGLE</PROJECT>
     <NODE_UUID>AFBWizboHtqK2mabQaHAtw==</NODE_UUID>
     <MODEL>AFBWizboHtqJyIAkjh+4lA==</MODEL>
     <NAME>SelectSingleSet</NAME>
     <ENTITY_TYPE>AFBWizboHtqJyIIuwXr4lA==</ENTITY_TYPE>
     <REF_TYPE>T</REF_TYPE>
     <CREATABLE_XU>X</CREATABLE_XU>
     <UPDATABLE_XU>X</UPDATABLE_XU>
     <DELETABLE_XU>X</DELETABLE_XU>
     <PAGEABLE_XU>X</PAGEABLE_XU>
     <ADDRESSABLE_XU>X</ADDRESSABLE_XU>
     <SEARCHABLE_XU>X</SEARCHABLE_XU>
     <SUBSCRIBABLE_XU>X</SUBSCRIBABLE_XU>
     <REQUIRES_FLT_XU>X</REQUIRES_FLT_XU>
     <SEMANTIC_XU>X</SEMANTIC_XU>
     <LABEL_REF_XU>X</LABEL_REF_XU>
     <DESCRIPTION_XU>X</DESCRIPTION_XU>
     <ESET_LABEL_XU>X</ESET_LABEL_XU>
    </_-IWBEP_-I_SBO_ES>
   </_-IWBEP_-I_SBO_ES>
   <_-IWBEP_-I_SBO_EST>
    <_-IWBEP_-I_SBO_EST>
     <SYLANGU>E</SYLANGU>
     <PROJECT>ZRNDIC_SELECT_SINGLE</PROJECT>
     <NODE_UUID>AFBWizboHtqK2mabQaHAtw==</NODE_UUID>
    </_-IWBEP_-I_SBO_EST>
   </_-IWBEP_-I_SBO_EST>
   <_-IWBEP_-I_SBO_ET>
    <_-IWBEP_-I_SBO_ET>
     <PROJECT>ZRNDIC_SELECT_SINGLE</PROJECT>
     <NODE_UUID>AFBWizboHtqJyIIuwXr4lA==</NODE_UUID>
     <NAME>SelectSingle</NAME>
     <MODEL>AFBWizboHtqJyIAkjh+4lA==</MODEL>
     <REF_TYPE>T</REF_TYPE>
     <ABAP_STRUCT>ZSELECT_GENERIC_UI_S</ABAP_STRUCT>
     <DESCRIPTION_XU>X</DESCRIPTION_XU>
    </_-IWBEP_-I_SBO_ET>
   </_-IWBEP_-I_SBO_ET>
   <_-IWBEP_-I_SBO_ETT>
    <_-IWBEP_-I_SBO_ETT>
     <SYLANGU>E</SYLANGU>
     <PROJECT>ZRNDIC_SELECT_SINGLE</PROJECT>
     <NODE_UUID>AFBWizboHtqJyIIuwXr4lA==</NODE_UUID>
    </_-IWBEP_-I_SBO_ETT>
   </_-IWBEP_-I_SBO_ETT>
   <_-IWBEP_-I_SBO_PR>
    <_-IWBEP_-I_SBO_PR>
     <PROJECT>ZRNDIC_SELECT_SINGLE</PROJECT>
     <NODE_UUID>AFBWizboHtqK2iGNpjygtw==</NODE_UUID>
     <PARENT_UUID>AFBWizboHtqJyIIuwXr4lA==</PARENT_UUID>
     <NAME>TableName</NAME>
     <IS_KEY>X</IS_KEY>
     <CREATABLE>X</CREATABLE>
     <FILTERABLE>X</FILTERABLE>
     <SORTABLE>X</SORTABLE>
     <EDM_CORE_TYPE>Edm.String</EDM_CORE_TYPE>
     <UPDATABLE>X</UPDATABLE>
     <REF_TYPE>T</REF_TYPE>
     <ABAP_FIELD>TABLE_NAME</ABAP_FIELD>
     <ABTY_XU>X</ABTY_XU>
     <SORT_ORDER>1</SORT_ORDER>
     <DESCRIPTION_XU>X</DESCRIPTION_XU>
    </_-IWBEP_-I_SBO_PR>
    <_-IWBEP_-I_SBO_PR>
     <PROJECT>ZRNDIC_SELECT_SINGLE</PROJECT>
     <NODE_UUID>AFBWizboHtqK2iGNpjzAtw==</NODE_UUID>
     <PARENT_UUID>AFBWizboHtqJyIIuwXr4lA==</PARENT_UUID>
     <NAME>FieldList</NAME>
     <CREATABLE>X</CREATABLE>
     <FILTERABLE>X</FILTERABLE>
     <SORTABLE>X</SORTABLE>
     <EDM_CORE_TYPE>Edm.String</EDM_CORE_TYPE>
     <UPDATABLE>X</UPDATABLE>
     <IS_NULLABLE>X</IS_NULLABLE>
     <REF_TYPE>T</REF_TYPE>
     <ABAP_FIELD>FIELD_LIST</ABAP_FIELD>
     <ABTY_XU>X</ABTY_XU>
     <SORT_ORDER>2</SORT_ORDER>
     <DESCRIPTION_XU>X</DESCRIPTION_XU>
    </_-IWBEP_-I_SBO_PR>
    <_-IWBEP_-I_SBO_PR>
     <PROJECT>ZRNDIC_SELECT_SINGLE</PROJECT>
     <NODE_UUID>AFBWizboHtqK2iGNpjzgtw==</NODE_UUID>
     <PARENT_UUID>AFBWizboHtqJyIIuwXr4lA==</PARENT_UUID>
     <NAME>WhereCondition</NAME>
     <CREATABLE>X</CREATABLE>
     <FILTERABLE>X</FILTERABLE>
     <SORTABLE>X</SORTABLE>
     <EDM_CORE_TYPE>Edm.String</EDM_CORE_TYPE>
     <UPDATABLE>X</UPDATABLE>
     <IS_NULLABLE>X</IS_NULLABLE>
     <REF_TYPE>T</REF_TYPE>
     <ABAP_FIELD>WHERE_CONDITION</ABAP_FIELD>
     <ABTY_XU>X</ABTY_XU>
     <SORT_ORDER>3</SORT_ORDER>
     <DESCRIPTION_XU>X</DESCRIPTION_XU>
    </_-IWBEP_-I_SBO_PR>
    <_-IWBEP_-I_SBO_PR>
     <PROJECT>ZRNDIC_SELECT_SINGLE</PROJECT>
     <NODE_UUID>AFBWizboHtqK2iGNpj0Atw==</NODE_UUID>
     <PARENT_UUID>AFBWizboHtqJyIIuwXr4lA==</PARENT_UUID>
     <NAME>RowId</NAME>
     <IS_KEY>X</IS_KEY>
     <CREATABLE>X</CREATABLE>
     <FILTERABLE>X</FILTERABLE>
     <SORTABLE>X</SORTABLE>
     <EDM_CORE_TYPE>Edm.Int16</EDM_CORE_TYPE>
     <UPDATABLE>X</UPDATABLE>
     <REF_TYPE>T</REF_TYPE>
     <ABAP_FIELD>ROW_ID</ABAP_FIELD>
     <ABTY_XU>X</ABTY_XU>
     <SORT_ORDER>4</SORT_ORDER>
     <DESCRIPTION_XU>X</DESCRIPTION_XU>
    </_-IWBEP_-I_SBO_PR>
    <_-IWBEP_-I_SBO_PR>
     <PROJECT>ZRNDIC_SELECT_SINGLE</PROJECT>
     <NODE_UUID>AFBWizboHtqK2iGNpj0gtw==</NODE_UUID>
     <PARENT_UUID>AFBWizboHtqJyIIuwXr4lA==</PARENT_UUID>
     <NAME>FieldName</NAME>
     <CREATABLE>X</CREATABLE>
     <FILTERABLE>X</FILTERABLE>
     <SORTABLE>X</SORTABLE>
     <EDM_CORE_TYPE>Edm.String</EDM_CORE_TYPE>
     <UPDATABLE>X</UPDATABLE>
     <IS_NULLABLE>X</IS_NULLABLE>
     <REF_TYPE>T</REF_TYPE>
     <ABAP_FIELD>FIELD_NAME</ABAP_FIELD>
     <ABTY_XU>X</ABTY_XU>
     <SORT_ORDER>5</SORT_ORDER>
     <DESCRIPTION_XU>X</DESCRIPTION_XU>
    </_-IWBEP_-I_SBO_PR>
    <_-IWBEP_-I_SBO_PR>
     <PROJECT>ZRNDIC_SELECT_SINGLE</PROJECT>
     <NODE_UUID>AFBWizboHtqK2iGNpj1Atw==</NODE_UUID>
     <PARENT_UUID>AFBWizboHtqJyIIuwXr4lA==</PARENT_UUID>
     <NAME>FieldValue</NAME>
     <CREATABLE>X</CREATABLE>
     <FILTERABLE>X</FILTERABLE>
     <SORTABLE>X</SORTABLE>
     <EDM_CORE_TYPE>Edm.String</EDM_CORE_TYPE>
     <UPDATABLE>X</UPDATABLE>
     <IS_NULLABLE>X</IS_NULLABLE>
     <REF_TYPE>T</REF_TYPE>
     <ABAP_FIELD>FIELD_VALUE</ABAP_FIELD>
     <ABTY_XU>X</ABTY_XU>
     <SORT_ORDER>6</SORT_ORDER>
     <DESCRIPTION_XU>X</DESCRIPTION_XU>
    </_-IWBEP_-I_SBO_PR>
    <_-IWBEP_-I_SBO_PR>
     <PROJECT>ZRNDIC_SELECT_SINGLE</PROJECT>
     <NODE_UUID>AFBWizboHtqV+dk4kp4guQ==</NODE_UUID>
     <PARENT_UUID>AFBWizboHtqJyIIuwXr4lA==</PARENT_UUID>
     <NAME>DbConnection</NAME>
     <CREATABLE>X</CREATABLE>
     <FILTERABLE>X</FILTERABLE>
     <SORTABLE>X</SORTABLE>
     <EDM_CORE_TYPE>Edm.String</EDM_CORE_TYPE>
     <UPDATABLE>X</UPDATABLE>
     <IS_NULLABLE>X</IS_NULLABLE>
     <REF_TYPE>T</REF_TYPE>
     <ABAP_FIELD>DB_CONNECTION</ABAP_FIELD>
     <ABTY_XU>X</ABTY_XU>
     <SORT_ORDER>7</SORT_ORDER>
     <DESCRIPTION_XU>X</DESCRIPTION_XU>
    </_-IWBEP_-I_SBO_PR>
   </_-IWBEP_-I_SBO_PR>
   <_-IWBEP_-I_SBO_PRT>
    <_-IWBEP_-I_SBO_PRT>
     <SYLANGU>E</SYLANGU>
     <PROJECT>ZRNDIC_SELECT_SINGLE</PROJECT>
     <NODE_UUID>AFBWizboHtqK2iGNpjygtw==</NODE_UUID>
    </_-IWBEP_-I_SBO_PRT>
    <_-IWBEP_-I_SBO_PRT>
     <SYLANGU>E</SYLANGU>
     <PROJECT>ZRNDIC_SELECT_SINGLE</PROJECT>
     <NODE_UUID>AFBWizboHtqK2iGNpjzAtw==</NODE_UUID>
    </_-IWBEP_-I_SBO_PRT>
    <_-IWBEP_-I_SBO_PRT>
     <SYLANGU>E</SYLANGU>
     <PROJECT>ZRNDIC_SELECT_SINGLE</PROJECT>
     <NODE_UUID>AFBWizboHtqK2iGNpjzgtw==</NODE_UUID>
    </_-IWBEP_-I_SBO_PRT>
    <_-IWBEP_-I_SBO_PRT>
     <SYLANGU>E</SYLANGU>
     <PROJECT>ZRNDIC_SELECT_SINGLE</PROJECT>
     <NODE_UUID>AFBWizboHtqK2iGNpj0Atw==</NODE_UUID>
    </_-IWBEP_-I_SBO_PRT>
    <_-IWBEP_-I_SBO_PRT>
     <SYLANGU>E</SYLANGU>
     <PROJECT>ZRNDIC_SELECT_SINGLE</PROJECT>
     <NODE_UUID>AFBWizboHtqK2iGNpj0gtw==</NODE_UUID>
    </_-IWBEP_-I_SBO_PRT>
    <_-IWBEP_-I_SBO_PRT>
     <SYLANGU>E</SYLANGU>
     <PROJECT>ZRNDIC_SELECT_SINGLE</PROJECT>
     <NODE_UUID>AFBWizboHtqK2iGNpj1Atw==</NODE_UUID>
    </_-IWBEP_-I_SBO_PRT>
    <_-IWBEP_-I_SBO_PRT>
     <SYLANGU>E</SYLANGU>
     <PROJECT>ZRNDIC_SELECT_SINGLE</PROJECT>
     <NODE_UUID>AFBWizboHtqV+dk4kp4guQ==</NODE_UUID>
    </_-IWBEP_-I_SBO_PRT>
   </_-IWBEP_-I_SBO_PRT>
  </asx:values>
 </asx:abap>
</abapGit>
