﻿<?xml version="1.0" encoding="utf-8"?>
<abapGit version="v1.0.0" serializer="LCL_OBJECT_IWPR" serializer_version="v1.0.0">
 <asx:abap xmlns:asx="http://www.sap.com/abapxml" version="1.0">
  <asx:values>
   <_-IWBEP_-I_SBD_GA>
    <_-IWBEP_-I_SBD_GA>
     <PROJECT>ZRNDIC_MB5B_SELECT</PROJECT>
     <NODE_UUID>AFBWizboHtqM2gImre4Atw==</NODE_UUID>
     <CREATION_USER_ID>DEVELOPER3</CREATION_USER_ID>
     <CREATION_TIME>20200109110624.199</CREATION_TIME>
     <LAST_CHG_USER_ID>DEVELOPER3</LAST_CHG_USER_ID>
     <LAST_CHG_TIME>20200117112046.464</LAST_CHG_TIME>
     <NAME>ZCL_ZRNDIC_MB5B_SELECT_MPC</NAME>
     <PGMID>R3TR</PGMID>
     <TROBJ_TYPE>CLAS</TROBJ_TYPE>
     <TROBJ_NAME>ZCL_ZRNDIC_MB5B_SELECT_MPC</TROBJ_NAME>
     <GEN_ART_TYPE>MPCB</GEN_ART_TYPE>
    </_-IWBEP_-I_SBD_GA>
    <_-IWBEP_-I_SBD_GA>
     <PROJECT>ZRNDIC_MB5B_SELECT</PROJECT>
     <NODE_UUID>AFBWizboHtqM2gImre4gtw==</NODE_UUID>
     <CREATION_USER_ID>DEVELOPER3</CREATION_USER_ID>
     <CREATION_TIME>20200109110624.199</CREATION_TIME>
     <LAST_CHG_USER_ID>DEVELOPER3</LAST_CHG_USER_ID>
     <LAST_CHG_TIME>20200117112046.464</LAST_CHG_TIME>
     <NAME>ZCL_ZRNDIC_MB5B_SELECT_MPC_EXT</NAME>
     <PGMID>R3TR</PGMID>
     <TROBJ_TYPE>CLAS</TROBJ_TYPE>
     <TROBJ_NAME>ZCL_ZRNDIC_MB5B_SELECT_MPC_EXT</TROBJ_NAME>
     <GEN_ART_TYPE>MPCS</GEN_ART_TYPE>
    </_-IWBEP_-I_SBD_GA>
    <_-IWBEP_-I_SBD_GA>
     <PROJECT>ZRNDIC_MB5B_SELECT</PROJECT>
     <NODE_UUID>AFBWizboHtqM2gImre5Atw==</NODE_UUID>
     <CREATION_USER_ID>DEVELOPER3</CREATION_USER_ID>
     <CREATION_TIME>20200109110627.886</CREATION_TIME>
     <NAME>ZCL_ZRNDIC_MB5B_SELECT_DPC</NAME>
     <PGMID>R3TR</PGMID>
     <TROBJ_TYPE>CLAS</TROBJ_TYPE>
     <TROBJ_NAME>ZCL_ZRNDIC_MB5B_SELECT_DPC</TROBJ_NAME>
     <GEN_ART_TYPE>DPCB</GEN_ART_TYPE>
    </_-IWBEP_-I_SBD_GA>
    <_-IWBEP_-I_SBD_GA>
     <PROJECT>ZRNDIC_MB5B_SELECT</PROJECT>
     <NODE_UUID>AFBWizboHtqM2gImre5gtw==</NODE_UUID>
     <CREATION_USER_ID>DEVELOPER3</CREATION_USER_ID>
     <CREATION_TIME>20200109110629.089</CREATION_TIME>
     <NAME>ZCL_ZRNDIC_MB5B_SELECT_DPC_EXT</NAME>
     <PGMID>R3TR</PGMID>
     <TROBJ_TYPE>CLAS</TROBJ_TYPE>
     <TROBJ_NAME>ZCL_ZRNDIC_MB5B_SELECT_DPC_EXT</TROBJ_NAME>
     <GEN_ART_TYPE>DPCS</GEN_ART_TYPE>
    </_-IWBEP_-I_SBD_GA>
    <_-IWBEP_-I_SBD_GA>
     <PROJECT>ZRNDIC_MB5B_SELECT</PROJECT>
     <NODE_UUID>AFBWizboHtqM2gImre6Atw==</NODE_UUID>
     <CREATION_USER_ID>DEVELOPER3</CREATION_USER_ID>
     <CREATION_TIME>20200109110629.652</CREATION_TIME>
     <NAME>ZRNDIC_MB5B_SELECT_MDL</NAME>
     <PGMID>R3TR</PGMID>
     <TROBJ_TYPE>IWMO</TROBJ_TYPE>
     <TROBJ_NAME>ZRNDIC_MB5B_SELECT_MDL</TROBJ_NAME>
     <GEN_ART_TYPE>MDL</GEN_ART_TYPE>
    </_-IWBEP_-I_SBD_GA>
    <_-IWBEP_-I_SBD_GA>
     <PROJECT>ZRNDIC_MB5B_SELECT</PROJECT>
     <NODE_UUID>AFBWizboHtqM2gImre6gtw==</NODE_UUID>
     <CREATION_USER_ID>DEVELOPER3</CREATION_USER_ID>
     <CREATION_TIME>20200109110629.652</CREATION_TIME>
     <NAME>ZRNDIC_MB5B_SELECT_SRV</NAME>
     <PGMID>R3TR</PGMID>
     <TROBJ_TYPE>IWSV</TROBJ_TYPE>
     <TROBJ_NAME>ZRNDIC_MB5B_SELECT_SRV</TROBJ_NAME>
     <GEN_ART_TYPE>SRV</GEN_ART_TYPE>
    </_-IWBEP_-I_SBD_GA>
   </_-IWBEP_-I_SBD_GA>
   <_-IWBEP_-I_SBD_GAT>
    <_-IWBEP_-I_SBD_GAT>
     <SYLANGU>E</SYLANGU>
     <PROJECT>ZRNDIC_MB5B_SELECT</PROJECT>
     <NODE_UUID>AFBWizboHtqM2gImre4Atw==</NODE_UUID>
    </_-IWBEP_-I_SBD_GAT>
    <_-IWBEP_-I_SBD_GAT>
     <SYLANGU>E</SYLANGU>
     <PROJECT>ZRNDIC_MB5B_SELECT</PROJECT>
     <NODE_UUID>AFBWizboHtqM2gImre4gtw==</NODE_UUID>
    </_-IWBEP_-I_SBD_GAT>
    <_-IWBEP_-I_SBD_GAT>
     <SYLANGU>E</SYLANGU>
     <PROJECT>ZRNDIC_MB5B_SELECT</PROJECT>
     <NODE_UUID>AFBWizboHtqM2gImre5Atw==</NODE_UUID>
    </_-IWBEP_-I_SBD_GAT>
    <_-IWBEP_-I_SBD_GAT>
     <SYLANGU>E</SYLANGU>
     <PROJECT>ZRNDIC_MB5B_SELECT</PROJECT>
     <NODE_UUID>AFBWizboHtqM2gImre5gtw==</NODE_UUID>
    </_-IWBEP_-I_SBD_GAT>
    <_-IWBEP_-I_SBD_GAT>
     <SYLANGU>E</SYLANGU>
     <PROJECT>ZRNDIC_MB5B_SELECT</PROJECT>
     <NODE_UUID>AFBWizboHtqM2gImre6Atw==</NODE_UUID>
    </_-IWBEP_-I_SBD_GAT>
    <_-IWBEP_-I_SBD_GAT>
     <SYLANGU>E</SYLANGU>
     <PROJECT>ZRNDIC_MB5B_SELECT</PROJECT>
     <NODE_UUID>AFBWizboHtqM2gImre6gtw==</NODE_UUID>
    </_-IWBEP_-I_SBD_GAT>
   </_-IWBEP_-I_SBD_GAT>
   <_-IWBEP_-I_SBD_MD>
    <_-IWBEP_-I_SBD_MD>
     <PROJECT>ZRNDIC_MB5B_SELECT</PROJECT>
     <NODE_UUID>AFBWizboHtqM2Qjj7A+gtw==</NODE_UUID>
     <NODE_UUID_PA>AFBWizboHtqM2Qjj7A+Atw==</NODE_UUID_PA>
     <PLUGIN_PA>/IWBEP/CORE</PLUGIN_PA>
     <NODE_TYPE_PA>PROJ</NODE_TYPE_PA>
     <TECHNICAL_NAME>ZRNDIC_MB5B_SELECT_MDL</TECHNICAL_NAME>
     <VERSION>0001</VERSION>
     <MPC>ZCL_ZRNDIC_MB5B_SELECT_MPC_EXT</MPC>
    </_-IWBEP_-I_SBD_MD>
   </_-IWBEP_-I_SBD_MD>
   <_-IWBEP_-I_SBD_MDT>
    <_-IWBEP_-I_SBD_MDT>
     <SYLANGU>E</SYLANGU>
     <PROJECT>ZRNDIC_MB5B_SELECT</PROJECT>
     <NODE_UUID>AFBWizboHtqM2Qjj7A+gtw==</NODE_UUID>
    </_-IWBEP_-I_SBD_MDT>
   </_-IWBEP_-I_SBD_MDT>
   <_-IWBEP_-I_SBD_NOI>
    <_-IWBEP_-I_SBD_NOI>
     <PROJECT>ZRNDIC_MB5B_SELECT</PROJECT>
     <NODE_UUID>AFBWizboHtqM2Qjj7A+Atw==</NODE_UUID>
    </_-IWBEP_-I_SBD_NOI>
    <_-IWBEP_-I_SBD_NOI>
     <PROJECT>ZRNDIC_MB5B_SELECT</PROJECT>
     <NODE_UUID>AFBWizboHtqM2Qjj7A+gtw==</NODE_UUID>
    </_-IWBEP_-I_SBD_NOI>
    <_-IWBEP_-I_SBD_NOI>
     <PROJECT>ZRNDIC_MB5B_SELECT</PROJECT>
     <NODE_UUID>AFBWizboHtqM2Qjj7A/Atw==</NODE_UUID>
    </_-IWBEP_-I_SBD_NOI>
    <_-IWBEP_-I_SBD_NOI>
     <PROJECT>ZRNDIC_MB5B_SELECT</PROJECT>
     <NODE_UUID>AFBWizboHtqM2RTZuDMAtw==</NODE_UUID>
    </_-IWBEP_-I_SBD_NOI>
    <_-IWBEP_-I_SBD_NOI>
     <PROJECT>ZRNDIC_MB5B_SELECT</PROJECT>
     <NODE_UUID>AFBWizboHtqM2RTZuDMgtw==</NODE_UUID>
    </_-IWBEP_-I_SBD_NOI>
    <_-IWBEP_-I_SBD_NOI>
     <PROJECT>ZRNDIC_MB5B_SELECT</PROJECT>
     <NODE_UUID>AFBWizboHtqM2RTZuDNAtw==</NODE_UUID>
    </_-IWBEP_-I_SBD_NOI>
    <_-IWBEP_-I_SBD_NOI>
     <PROJECT>ZRNDIC_MB5B_SELECT</PROJECT>
     <NODE_UUID>AFBWizboHtqM2RTZuDNgtw==</NODE_UUID>
    </_-IWBEP_-I_SBD_NOI>
    <_-IWBEP_-I_SBD_NOI>
     <PROJECT>ZRNDIC_MB5B_SELECT</PROJECT>
     <NODE_UUID>AFBWizboHtqM2RTZuDOAtw==</NODE_UUID>
    </_-IWBEP_-I_SBD_NOI>
    <_-IWBEP_-I_SBD_NOI>
     <PROJECT>ZRNDIC_MB5B_SELECT</PROJECT>
     <NODE_UUID>AFBWizboHtqM2RTZuDOgtw==</NODE_UUID>
    </_-IWBEP_-I_SBD_NOI>
    <_-IWBEP_-I_SBD_NOI>
     <PROJECT>ZRNDIC_MB5B_SELECT</PROJECT>
     <NODE_UUID>AFBWizboHtqM2RTZuDPAtw==</NODE_UUID>
    </_-IWBEP_-I_SBD_NOI>
    <_-IWBEP_-I_SBD_NOI>
     <PROJECT>ZRNDIC_MB5B_SELECT</PROJECT>
     <NODE_UUID>AFBWizboHtqM2RTZuDPgtw==</NODE_UUID>
    </_-IWBEP_-I_SBD_NOI>
    <_-IWBEP_-I_SBD_NOI>
     <PROJECT>ZRNDIC_MB5B_SELECT</PROJECT>
     <NODE_UUID>AFBWizboHtqM2RdbXqbgtw==</NODE_UUID>
    </_-IWBEP_-I_SBD_NOI>
    <_-IWBEP_-I_SBD_NOI>
     <PROJECT>ZRNDIC_MB5B_SELECT</PROJECT>
     <NODE_UUID>AFBWizboHtqM2RdbXqcAtw==</NODE_UUID>
    </_-IWBEP_-I_SBD_NOI>
    <_-IWBEP_-I_SBD_NOI>
     <PROJECT>ZRNDIC_MB5B_SELECT</PROJECT>
     <NODE_UUID>AFBWizboHtqM2RdbXqcgtw==</NODE_UUID>
    </_-IWBEP_-I_SBD_NOI>
    <_-IWBEP_-I_SBD_NOI>
     <PROJECT>ZRNDIC_MB5B_SELECT</PROJECT>
     <NODE_UUID>AFBWizboHtqM2RdbXqdAtw==</NODE_UUID>
    </_-IWBEP_-I_SBD_NOI>
    <_-IWBEP_-I_SBD_NOI>
     <PROJECT>ZRNDIC_MB5B_SELECT</PROJECT>
     <NODE_UUID>AFBWizboHtqM2RdbXqdgtw==</NODE_UUID>
    </_-IWBEP_-I_SBD_NOI>
    <_-IWBEP_-I_SBD_NOI>
     <PROJECT>ZRNDIC_MB5B_SELECT</PROJECT>
     <NODE_UUID>AFBWizboHtqM2RdbXqeAtw==</NODE_UUID>
    </_-IWBEP_-I_SBD_NOI>
    <_-IWBEP_-I_SBD_NOI>
     <PROJECT>ZRNDIC_MB5B_SELECT</PROJECT>
     <NODE_UUID>AFBWizboHtqM2RdbXqegtw==</NODE_UUID>
    </_-IWBEP_-I_SBD_NOI>
    <_-IWBEP_-I_SBD_NOI>
     <PROJECT>ZRNDIC_MB5B_SELECT</PROJECT>
     <NODE_UUID>AFBWizboHtqM2RdbXqfAtw==</NODE_UUID>
    </_-IWBEP_-I_SBD_NOI>
    <_-IWBEP_-I_SBD_NOI>
     <PROJECT>ZRNDIC_MB5B_SELECT</PROJECT>
     <NODE_UUID>AFBWizboHtqM2SKNLycgtw==</NODE_UUID>
    </_-IWBEP_-I_SBD_NOI>
    <_-IWBEP_-I_SBD_NOI>
     <PROJECT>ZRNDIC_MB5B_SELECT</PROJECT>
     <NODE_UUID>AFBWizboHtqM2SRU3oOgtw==</NODE_UUID>
    </_-IWBEP_-I_SBD_NOI>
    <_-IWBEP_-I_SBD_NOI>
     <PROJECT>ZRNDIC_MB5B_SELECT</PROJECT>
     <NODE_UUID>AFBWizboHtqM2Sw5xy0gtw==</NODE_UUID>
    </_-IWBEP_-I_SBD_NOI>
    <_-IWBEP_-I_SBD_NOI>
     <PROJECT>ZRNDIC_MB5B_SELECT</PROJECT>
     <NODE_UUID>AFBWizboHtqM2Sw5xy1Atw==</NODE_UUID>
    </_-IWBEP_-I_SBD_NOI>
    <_-IWBEP_-I_SBD_NOI>
     <PROJECT>ZRNDIC_MB5B_SELECT</PROJECT>
     <NODE_UUID>AFBWizboHtqM2Sw5xy1gtw==</NODE_UUID>
    </_-IWBEP_-I_SBD_NOI>
    <_-IWBEP_-I_SBD_NOI>
     <PROJECT>ZRNDIC_MB5B_SELECT</PROJECT>
     <NODE_UUID>AFBWizboHtqM2TqB9RwAtw==</NODE_UUID>
    </_-IWBEP_-I_SBD_NOI>
    <_-IWBEP_-I_SBD_NOI>
     <PROJECT>ZRNDIC_MB5B_SELECT</PROJECT>
     <NODE_UUID>AFBWizboHtqM2WJMhxIAtw==</NODE_UUID>
    </_-IWBEP_-I_SBD_NOI>
    <_-IWBEP_-I_SBD_NOI>
     <PROJECT>ZRNDIC_MB5B_SELECT</PROJECT>
     <NODE_UUID>AFBWizboHtqM2WJMhxIgtw==</NODE_UUID>
    </_-IWBEP_-I_SBD_NOI>
    <_-IWBEP_-I_SBD_NOI>
     <PROJECT>ZRNDIC_MB5B_SELECT</PROJECT>
     <NODE_UUID>AFBWizboHtqM2WRlRY5Atw==</NODE_UUID>
    </_-IWBEP_-I_SBD_NOI>
    <_-IWBEP_-I_SBD_NOI>
     <PROJECT>ZRNDIC_MB5B_SELECT</PROJECT>
     <NODE_UUID>AFBWizboHtqM2bu1CoLgtw==</NODE_UUID>
    </_-IWBEP_-I_SBD_NOI>
    <_-IWBEP_-I_SBD_NOI>
     <PROJECT>ZRNDIC_MB5B_SELECT</PROJECT>
     <NODE_UUID>AFBWizboHtqM2bu1CoMAtw==</NODE_UUID>
    </_-IWBEP_-I_SBD_NOI>
    <_-IWBEP_-I_SBD_NOI>
     <PROJECT>ZRNDIC_MB5B_SELECT</PROJECT>
     <NODE_UUID>AFBWizboHtqM2bu1CoMgtw==</NODE_UUID>
    </_-IWBEP_-I_SBD_NOI>
    <_-IWBEP_-I_SBD_NOI>
     <PROJECT>ZRNDIC_MB5B_SELECT</PROJECT>
     <NODE_UUID>AFBWizboHtqM2bu1CoNAtw==</NODE_UUID>
    </_-IWBEP_-I_SBD_NOI>
    <_-IWBEP_-I_SBD_NOI>
     <PROJECT>ZRNDIC_MB5B_SELECT</PROJECT>
     <NODE_UUID>AFBWizboHtqM2bu1CoNgtw==</NODE_UUID>
    </_-IWBEP_-I_SBD_NOI>
    <_-IWBEP_-I_SBD_NOI>
     <PROJECT>ZRNDIC_MB5B_SELECT</PROJECT>
     <NODE_UUID>AFBWizboHtqM2bu1CoOAtw==</NODE_UUID>
    </_-IWBEP_-I_SBD_NOI>
    <_-IWBEP_-I_SBD_NOI>
     <PROJECT>ZRNDIC_MB5B_SELECT</PROJECT>
     <NODE_UUID>AFBWizboHtqM2bu1CoOgtw==</NODE_UUID>
    </_-IWBEP_-I_SBD_NOI>
    <_-IWBEP_-I_SBD_NOI>
     <PROJECT>ZRNDIC_MB5B_SELECT</PROJECT>
     <NODE_UUID>AFBWizboHtqM2bu1CoPAtw==</NODE_UUID>
    </_-IWBEP_-I_SBD_NOI>
    <_-IWBEP_-I_SBD_NOI>
     <PROJECT>ZRNDIC_MB5B_SELECT</PROJECT>
     <NODE_UUID>AFBWizboHtqM2b12d1cgtw==</NODE_UUID>
    </_-IWBEP_-I_SBD_NOI>
    <_-IWBEP_-I_SBD_NOI>
     <PROJECT>ZRNDIC_MB5B_SELECT</PROJECT>
     <NODE_UUID>AFBWizboHtqM2cCk9/2Atw==</NODE_UUID>
    </_-IWBEP_-I_SBD_NOI>
    <_-IWBEP_-I_SBD_NOI>
     <PROJECT>ZRNDIC_MB5B_SELECT</PROJECT>
     <NODE_UUID>AFBWizboHtqM2cCk9/2gtw==</NODE_UUID>
    </_-IWBEP_-I_SBD_NOI>
    <_-IWBEP_-I_SBD_NOI>
     <PROJECT>ZRNDIC_MB5B_SELECT</PROJECT>
     <NODE_UUID>AFBWizboHtqM2cCk9/3Atw==</NODE_UUID>
    </_-IWBEP_-I_SBD_NOI>
    <_-IWBEP_-I_SBD_NOI>
     <PROJECT>ZRNDIC_MB5B_SELECT</PROJECT>
     <NODE_UUID>AFBWizboHtqM2cCk9/3gtw==</NODE_UUID>
    </_-IWBEP_-I_SBD_NOI>
    <_-IWBEP_-I_SBD_NOI>
     <PROJECT>ZRNDIC_MB5B_SELECT</PROJECT>
     <NODE_UUID>AFBWizboHtqM2cCk9/4Atw==</NODE_UUID>
    </_-IWBEP_-I_SBD_NOI>
    <_-IWBEP_-I_SBD_NOI>
     <PROJECT>ZRNDIC_MB5B_SELECT</PROJECT>
     <NODE_UUID>AFBWizboHtqM2cCk9/4gtw==</NODE_UUID>
    </_-IWBEP_-I_SBD_NOI>
    <_-IWBEP_-I_SBD_NOI>
     <PROJECT>ZRNDIC_MB5B_SELECT</PROJECT>
     <NODE_UUID>AFBWizboHtqM2cCk9/5Atw==</NODE_UUID>
    </_-IWBEP_-I_SBD_NOI>
    <_-IWBEP_-I_SBD_NOI>
     <PROJECT>ZRNDIC_MB5B_SELECT</PROJECT>
     <NODE_UUID>AFBWizboHtqM2cCk9/5gtw==</NODE_UUID>
    </_-IWBEP_-I_SBD_NOI>
    <_-IWBEP_-I_SBD_NOI>
     <PROJECT>ZRNDIC_MB5B_SELECT</PROJECT>
     <NODE_UUID>AFBWizboHtqM2cLHP60gtw==</NODE_UUID>
    </_-IWBEP_-I_SBD_NOI>
    <_-IWBEP_-I_SBD_NOI>
     <PROJECT>ZRNDIC_MB5B_SELECT</PROJECT>
     <NODE_UUID>AFBWizboHtqM2cLHP61Atw==</NODE_UUID>
    </_-IWBEP_-I_SBD_NOI>
    <_-IWBEP_-I_SBD_NOI>
     <PROJECT>ZRNDIC_MB5B_SELECT</PROJECT>
     <NODE_UUID>AFBWizboHtqM2cLHP61gtw==</NODE_UUID>
    </_-IWBEP_-I_SBD_NOI>
    <_-IWBEP_-I_SBD_NOI>
     <PROJECT>ZRNDIC_MB5B_SELECT</PROJECT>
     <NODE_UUID>AFBWizboHtqM2dEEsy+gtw==</NODE_UUID>
    </_-IWBEP_-I_SBD_NOI>
    <_-IWBEP_-I_SBD_NOI>
     <PROJECT>ZRNDIC_MB5B_SELECT</PROJECT>
     <NODE_UUID>AFBWizboHtqM2dEEsy/Atw==</NODE_UUID>
    </_-IWBEP_-I_SBD_NOI>
    <_-IWBEP_-I_SBD_NOI>
     <PROJECT>ZRNDIC_MB5B_SELECT</PROJECT>
     <NODE_UUID>AFBWizboHtqM2dHnf1oAtw==</NODE_UUID>
    </_-IWBEP_-I_SBD_NOI>
    <_-IWBEP_-I_SBD_NOI>
     <PROJECT>ZRNDIC_MB5B_SELECT</PROJECT>
     <NODE_UUID>AFBWizboHtqM2dmKi6rAtw==</NODE_UUID>
    </_-IWBEP_-I_SBD_NOI>
    <_-IWBEP_-I_SBD_NOI>
     <PROJECT>ZRNDIC_MB5B_SELECT</PROJECT>
     <NODE_UUID>AFBWizboHtqM2dpmyVsgtw==</NODE_UUID>
    </_-IWBEP_-I_SBD_NOI>
    <_-IWBEP_-I_SBD_NOI>
     <PROJECT>ZRNDIC_MB5B_SELECT</PROJECT>
     <NODE_UUID>AFBWizboHtqM2gImre4Atw==</NODE_UUID>
    </_-IWBEP_-I_SBD_NOI>
    <_-IWBEP_-I_SBD_NOI>
     <PROJECT>ZRNDIC_MB5B_SELECT</PROJECT>
     <NODE_UUID>AFBWizboHtqM2gImre4gtw==</NODE_UUID>
    </_-IWBEP_-I_SBD_NOI>
    <_-IWBEP_-I_SBD_NOI>
     <PROJECT>ZRNDIC_MB5B_SELECT</PROJECT>
     <NODE_UUID>AFBWizboHtqM2gImre5Atw==</NODE_UUID>
    </_-IWBEP_-I_SBD_NOI>
    <_-IWBEP_-I_SBD_NOI>
     <PROJECT>ZRNDIC_MB5B_SELECT</PROJECT>
     <NODE_UUID>AFBWizboHtqM2gImre5gtw==</NODE_UUID>
    </_-IWBEP_-I_SBD_NOI>
    <_-IWBEP_-I_SBD_NOI>
     <PROJECT>ZRNDIC_MB5B_SELECT</PROJECT>
     <NODE_UUID>AFBWizboHtqM2gImre6Atw==</NODE_UUID>
    </_-IWBEP_-I_SBD_NOI>
    <_-IWBEP_-I_SBD_NOI>
     <PROJECT>ZRNDIC_MB5B_SELECT</PROJECT>
     <NODE_UUID>AFBWizboHtqM2gImre6gtw==</NODE_UUID>
    </_-IWBEP_-I_SBD_NOI>
    <_-IWBEP_-I_SBD_NOI>
     <PROJECT>ZRNDIC_MB5B_SELECT</PROJECT>
     <NODE_UUID>AFBWizboHtqNi1TMxP0gtw==</NODE_UUID>
    </_-IWBEP_-I_SBD_NOI>
    <_-IWBEP_-I_SBD_NOI>
     <PROJECT>ZRNDIC_MB5B_SELECT</PROJECT>
     <NODE_UUID>AFBWizboHtqNi55k4TIAtw==</NODE_UUID>
    </_-IWBEP_-I_SBD_NOI>
    <_-IWBEP_-I_SBD_NOI>
     <PROJECT>ZRNDIC_MB5B_SELECT</PROJECT>
     <NODE_UUID>AFBWizboHtqNi55k4TIgtw==</NODE_UUID>
    </_-IWBEP_-I_SBD_NOI>
    <_-IWBEP_-I_SBD_NOI>
     <PROJECT>ZRNDIC_MB5B_SELECT</PROJECT>
     <NODE_UUID>AFBWizboHtqNwGjUCAkgtw==</NODE_UUID>
    </_-IWBEP_-I_SBD_NOI>
    <_-IWBEP_-I_SBD_NOI>
     <PROJECT>ZRNDIC_MB5B_SELECT</PROJECT>
     <NODE_UUID>AFBWizboHtqOo0qwY1Fgtw==</NODE_UUID>
    </_-IWBEP_-I_SBD_NOI>
    <_-IWBEP_-I_SBD_NOI>
     <PROJECT>ZRNDIC_MB5B_SELECT</PROJECT>
     <NODE_UUID>AFBWizboHtqOo0wO3wNAtw==</NODE_UUID>
    </_-IWBEP_-I_SBD_NOI>
    <_-IWBEP_-I_SBD_NOI>
     <PROJECT>ZRNDIC_MB5B_SELECT</PROJECT>
     <NODE_UUID>AFBWizboHtqOo0/xGQqgtw==</NODE_UUID>
    </_-IWBEP_-I_SBD_NOI>
    <_-IWBEP_-I_SBD_NOI>
     <PROJECT>ZRNDIC_MB5B_SELECT</PROJECT>
     <NODE_UUID>AFBWizboHtqOo1NHjD6gtw==</NODE_UUID>
    </_-IWBEP_-I_SBD_NOI>
    <_-IWBEP_-I_SBD_NOI>
     <PROJECT>ZRNDIC_MB5B_SELECT</PROJECT>
     <NODE_UUID>AFBWizboHtqOo1NHjD7Atw==</NODE_UUID>
    </_-IWBEP_-I_SBD_NOI>
    <_-IWBEP_-I_SBD_NOI>
     <PROJECT>ZRNDIC_MB5B_SELECT</PROJECT>
     <NODE_UUID>AFBWizboHtqOo1NHjD7gtw==</NODE_UUID>
    </_-IWBEP_-I_SBD_NOI>
    <_-IWBEP_-I_SBD_NOI>
     <PROJECT>ZRNDIC_MB5B_SELECT</PROJECT>
     <NODE_UUID>AFBWizboHtqOo1NHjD8Atw==</NODE_UUID>
    </_-IWBEP_-I_SBD_NOI>
    <_-IWBEP_-I_SBD_NOI>
     <PROJECT>ZRNDIC_MB5B_SELECT</PROJECT>
     <NODE_UUID>AFBWizboHtqOo1NHjD8gtw==</NODE_UUID>
    </_-IWBEP_-I_SBD_NOI>
    <_-IWBEP_-I_SBD_NOI>
     <PROJECT>ZRNDIC_MB5B_SELECT</PROJECT>
     <NODE_UUID>AFBWizboHtqOo1NHjD9Atw==</NODE_UUID>
    </_-IWBEP_-I_SBD_NOI>
    <_-IWBEP_-I_SBD_NOI>
     <PROJECT>ZRNDIC_MB5B_SELECT</PROJECT>
     <NODE_UUID>AFBWizboHtqOo1NHjD9gtw==</NODE_UUID>
    </_-IWBEP_-I_SBD_NOI>
    <_-IWBEP_-I_SBD_NOI>
     <PROJECT>ZRNDIC_MB5B_SELECT</PROJECT>
     <NODE_UUID>AFBWizboHtqOo1QWrb6Atw==</NODE_UUID>
    </_-IWBEP_-I_SBD_NOI>
    <_-IWBEP_-I_SBD_NOI>
     <PROJECT>ZRNDIC_MB5B_SELECT</PROJECT>
     <NODE_UUID>AFBWizboHtqOo1QWrb6gtw==</NODE_UUID>
    </_-IWBEP_-I_SBD_NOI>
    <_-IWBEP_-I_SBD_NOI>
     <PROJECT>ZRNDIC_MB5B_SELECT</PROJECT>
     <NODE_UUID>AFBWizboHtqOo1QWrb7Atw==</NODE_UUID>
    </_-IWBEP_-I_SBD_NOI>
    <_-IWBEP_-I_SBD_NOI>
     <PROJECT>ZRNDIC_MB5B_SELECT</PROJECT>
     <NODE_UUID>AFBWizboHtqOo1QWrb7gtw==</NODE_UUID>
    </_-IWBEP_-I_SBD_NOI>
    <_-IWBEP_-I_SBD_NOI>
     <PROJECT>ZRNDIC_MB5B_SELECT</PROJECT>
     <NODE_UUID>AFBWizboHtqOo1QWrb8Atw==</NODE_UUID>
    </_-IWBEP_-I_SBD_NOI>
    <_-IWBEP_-I_SBD_NOI>
     <PROJECT>ZRNDIC_MB5B_SELECT</PROJECT>
     <NODE_UUID>AFBWizboHtqOo1QWrb8gtw==</NODE_UUID>
    </_-IWBEP_-I_SBD_NOI>
    <_-IWBEP_-I_SBD_NOI>
     <PROJECT>ZRNDIC_MB5B_SELECT</PROJECT>
     <NODE_UUID>AFBWizboHtqOo1QWrb9Atw==</NODE_UUID>
    </_-IWBEP_-I_SBD_NOI>
    <_-IWBEP_-I_SBD_NOI>
     <PROJECT>ZRNDIC_MB5B_SELECT</PROJECT>
     <NODE_UUID>AFBWizboHtqOo1dyflpgtw==</NODE_UUID>
    </_-IWBEP_-I_SBD_NOI>
    <_-IWBEP_-I_SBD_NOI>
     <PROJECT>ZRNDIC_MB5B_SELECT</PROJECT>
     <NODE_UUID>AFBWizboHtqOo1dyflqAtw==</NODE_UUID>
    </_-IWBEP_-I_SBD_NOI>
    <_-IWBEP_-I_SBD_NOI>
     <PROJECT>ZRNDIC_MB5B_SELECT</PROJECT>
     <NODE_UUID>AFBWizboHtqOo1dyflqgtw==</NODE_UUID>
    </_-IWBEP_-I_SBD_NOI>
    <_-IWBEP_-I_SBD_NOI>
     <PROJECT>ZRNDIC_MB5B_SELECT</PROJECT>
     <NODE_UUID>AFBWizboHtqOo1qSZ8Jgtw==</NODE_UUID>
    </_-IWBEP_-I_SBD_NOI>
    <_-IWBEP_-I_SBD_NOI>
     <PROJECT>ZRNDIC_MB5B_SELECT</PROJECT>
     <NODE_UUID>AFBWizboHtqOo13ILdsAtw==</NODE_UUID>
    </_-IWBEP_-I_SBD_NOI>
    <_-IWBEP_-I_SBD_NOI>
     <PROJECT>ZRNDIC_MB5B_SELECT</PROJECT>
     <NODE_UUID>AFBWizboHtqOo2M+IPcAtw==</NODE_UUID>
    </_-IWBEP_-I_SBD_NOI>
    <_-IWBEP_-I_SBD_NOI>
     <PROJECT>ZRNDIC_MB5B_SELECT</PROJECT>
     <NODE_UUID>AFBWizboHtqOo2UjnnsAtw==</NODE_UUID>
    </_-IWBEP_-I_SBD_NOI>
   </_-IWBEP_-I_SBD_NOI>
   <_-IWBEP_-I_SBD_OP>
    <_-IWBEP_-I_SBD_OP>
     <PROJECT>ZRNDIC_MB5B_SELECT</PROJECT>
     <NODE_UUID>AFBWizboHtqM2RTZuDNgtw==</NODE_UUID>
     <PARENT_UUID>AFBWizboHtqM2RTZuDNAtw==</PARENT_UUID>
     <NAME>Create</NAME>
     <OPERATION_TYPE>C</OPERATION_TYPE>
     <IMP_METHOD>SELOPTPROPERTYSE_CREATE_ENTITY</IMP_METHOD>
    </_-IWBEP_-I_SBD_OP>
    <_-IWBEP_-I_SBD_OP>
     <PROJECT>ZRNDIC_MB5B_SELECT</PROJECT>
     <NODE_UUID>AFBWizboHtqM2RTZuDOAtw==</NODE_UUID>
     <PARENT_UUID>AFBWizboHtqM2RTZuDNAtw==</PARENT_UUID>
     <NAME>GetEntity (Read)</NAME>
     <OPERATION_TYPE>R</OPERATION_TYPE>
     <IMP_METHOD>SELOPTPROPERTYSE_GET_ENTITY</IMP_METHOD>
    </_-IWBEP_-I_SBD_OP>
    <_-IWBEP_-I_SBD_OP>
     <PROJECT>ZRNDIC_MB5B_SELECT</PROJECT>
     <NODE_UUID>AFBWizboHtqM2RTZuDOgtw==</NODE_UUID>
     <PARENT_UUID>AFBWizboHtqM2RTZuDNAtw==</PARENT_UUID>
     <NAME>Update</NAME>
     <OPERATION_TYPE>U</OPERATION_TYPE>
     <IMP_METHOD>SELOPTPROPERTYSE_UPDATE_ENTITY</IMP_METHOD>
    </_-IWBEP_-I_SBD_OP>
    <_-IWBEP_-I_SBD_OP>
     <PROJECT>ZRNDIC_MB5B_SELECT</PROJECT>
     <NODE_UUID>AFBWizboHtqM2RTZuDPAtw==</NODE_UUID>
     <PARENT_UUID>AFBWizboHtqM2RTZuDNAtw==</PARENT_UUID>
     <NAME>Delete</NAME>
     <OPERATION_TYPE>D</OPERATION_TYPE>
     <IMP_METHOD>SELOPTPROPERTYSE_DELETE_ENTITY</IMP_METHOD>
    </_-IWBEP_-I_SBD_OP>
    <_-IWBEP_-I_SBD_OP>
     <PROJECT>ZRNDIC_MB5B_SELECT</PROJECT>
     <NODE_UUID>AFBWizboHtqM2RTZuDPgtw==</NODE_UUID>
     <PARENT_UUID>AFBWizboHtqM2RTZuDNAtw==</PARENT_UUID>
     <NAME>GetEntitySet (Query)</NAME>
     <OPERATION_TYPE>Q</OPERATION_TYPE>
     <IMP_METHOD>SELOPTPROPERTYSE_GET_ENTITYSET</IMP_METHOD>
    </_-IWBEP_-I_SBD_OP>
    <_-IWBEP_-I_SBD_OP>
     <PROJECT>ZRNDIC_MB5B_SELECT</PROJECT>
     <NODE_UUID>AFBWizboHtqM2RdbXqdAtw==</NODE_UUID>
     <PARENT_UUID>AFBWizboHtqM2RdbXqcgtw==</PARENT_UUID>
     <NAME>Create</NAME>
     <OPERATION_TYPE>C</OPERATION_TYPE>
     <IMP_METHOD>SELOPTIONSSET_CREATE_ENTITY</IMP_METHOD>
    </_-IWBEP_-I_SBD_OP>
    <_-IWBEP_-I_SBD_OP>
     <PROJECT>ZRNDIC_MB5B_SELECT</PROJECT>
     <NODE_UUID>AFBWizboHtqM2RdbXqdgtw==</NODE_UUID>
     <PARENT_UUID>AFBWizboHtqM2RdbXqcgtw==</PARENT_UUID>
     <NAME>GetEntity (Read)</NAME>
     <OPERATION_TYPE>R</OPERATION_TYPE>
     <IMP_METHOD>SELOPTIONSSET_GET_ENTITY</IMP_METHOD>
    </_-IWBEP_-I_SBD_OP>
    <_-IWBEP_-I_SBD_OP>
     <PROJECT>ZRNDIC_MB5B_SELECT</PROJECT>
     <NODE_UUID>AFBWizboHtqM2RdbXqeAtw==</NODE_UUID>
     <PARENT_UUID>AFBWizboHtqM2RdbXqcgtw==</PARENT_UUID>
     <NAME>Update</NAME>
     <OPERATION_TYPE>U</OPERATION_TYPE>
     <IMP_METHOD>SELOPTIONSSET_UPDATE_ENTITY</IMP_METHOD>
    </_-IWBEP_-I_SBD_OP>
    <_-IWBEP_-I_SBD_OP>
     <PROJECT>ZRNDIC_MB5B_SELECT</PROJECT>
     <NODE_UUID>AFBWizboHtqM2RdbXqegtw==</NODE_UUID>
     <PARENT_UUID>AFBWizboHtqM2RdbXqcgtw==</PARENT_UUID>
     <NAME>Delete</NAME>
     <OPERATION_TYPE>D</OPERATION_TYPE>
     <IMP_METHOD>SELOPTIONSSET_DELETE_ENTITY</IMP_METHOD>
    </_-IWBEP_-I_SBD_OP>
    <_-IWBEP_-I_SBD_OP>
     <PROJECT>ZRNDIC_MB5B_SELECT</PROJECT>
     <NODE_UUID>AFBWizboHtqM2RdbXqfAtw==</NODE_UUID>
     <PARENT_UUID>AFBWizboHtqM2RdbXqcgtw==</PARENT_UUID>
     <NAME>GetEntitySet (Query)</NAME>
     <OPERATION_TYPE>Q</OPERATION_TYPE>
     <IMP_METHOD>SELOPTIONSSET_GET_ENTITYSET</IMP_METHOD>
    </_-IWBEP_-I_SBD_OP>
    <_-IWBEP_-I_SBD_OP>
     <PROJECT>ZRNDIC_MB5B_SELECT</PROJECT>
     <NODE_UUID>AFBWizboHtqM2bu1CoNAtw==</NODE_UUID>
     <PARENT_UUID>AFBWizboHtqM2bu1CoMgtw==</PARENT_UUID>
     <NAME>Create</NAME>
     <OPERATION_TYPE>C</OPERATION_TYPE>
     <IMP_METHOD>SELECTHEADERSET_CREATE_ENTITY</IMP_METHOD>
    </_-IWBEP_-I_SBD_OP>
    <_-IWBEP_-I_SBD_OP>
     <PROJECT>ZRNDIC_MB5B_SELECT</PROJECT>
     <NODE_UUID>AFBWizboHtqM2bu1CoNgtw==</NODE_UUID>
     <PARENT_UUID>AFBWizboHtqM2bu1CoMgtw==</PARENT_UUID>
     <NAME>GetEntity (Read)</NAME>
     <OPERATION_TYPE>R</OPERATION_TYPE>
     <IMP_METHOD>SELECTHEADERSET_GET_ENTITY</IMP_METHOD>
    </_-IWBEP_-I_SBD_OP>
    <_-IWBEP_-I_SBD_OP>
     <PROJECT>ZRNDIC_MB5B_SELECT</PROJECT>
     <NODE_UUID>AFBWizboHtqM2bu1CoOAtw==</NODE_UUID>
     <PARENT_UUID>AFBWizboHtqM2bu1CoMgtw==</PARENT_UUID>
     <NAME>Update</NAME>
     <OPERATION_TYPE>U</OPERATION_TYPE>
     <IMP_METHOD>SELECTHEADERSET_UPDATE_ENTITY</IMP_METHOD>
    </_-IWBEP_-I_SBD_OP>
    <_-IWBEP_-I_SBD_OP>
     <PROJECT>ZRNDIC_MB5B_SELECT</PROJECT>
     <NODE_UUID>AFBWizboHtqM2bu1CoOgtw==</NODE_UUID>
     <PARENT_UUID>AFBWizboHtqM2bu1CoMgtw==</PARENT_UUID>
     <NAME>Delete</NAME>
     <OPERATION_TYPE>D</OPERATION_TYPE>
     <IMP_METHOD>SELECTHEADERSET_DELETE_ENTITY</IMP_METHOD>
    </_-IWBEP_-I_SBD_OP>
    <_-IWBEP_-I_SBD_OP>
     <PROJECT>ZRNDIC_MB5B_SELECT</PROJECT>
     <NODE_UUID>AFBWizboHtqM2bu1CoPAtw==</NODE_UUID>
     <PARENT_UUID>AFBWizboHtqM2bu1CoMgtw==</PARENT_UUID>
     <NAME>GetEntitySet (Query)</NAME>
     <OPERATION_TYPE>Q</OPERATION_TYPE>
     <IMP_METHOD>SELECTHEADERSET_GET_ENTITYSET</IMP_METHOD>
    </_-IWBEP_-I_SBD_OP>
    <_-IWBEP_-I_SBD_OP>
     <PROJECT>ZRNDIC_MB5B_SELECT</PROJECT>
     <NODE_UUID>AFBWizboHtqM2cCk9/3gtw==</NODE_UUID>
     <PARENT_UUID>AFBWizboHtqM2cCk9/3Atw==</PARENT_UUID>
     <NAME>Create</NAME>
     <OPERATION_TYPE>C</OPERATION_TYPE>
     <IMP_METHOD>SELECTBODYSET_CREATE_ENTITY</IMP_METHOD>
    </_-IWBEP_-I_SBD_OP>
    <_-IWBEP_-I_SBD_OP>
     <PROJECT>ZRNDIC_MB5B_SELECT</PROJECT>
     <NODE_UUID>AFBWizboHtqM2cCk9/4Atw==</NODE_UUID>
     <PARENT_UUID>AFBWizboHtqM2cCk9/3Atw==</PARENT_UUID>
     <NAME>GetEntity (Read)</NAME>
     <OPERATION_TYPE>R</OPERATION_TYPE>
     <IMP_METHOD>SELECTBODYSET_GET_ENTITY</IMP_METHOD>
    </_-IWBEP_-I_SBD_OP>
    <_-IWBEP_-I_SBD_OP>
     <PROJECT>ZRNDIC_MB5B_SELECT</PROJECT>
     <NODE_UUID>AFBWizboHtqM2cCk9/4gtw==</NODE_UUID>
     <PARENT_UUID>AFBWizboHtqM2cCk9/3Atw==</PARENT_UUID>
     <NAME>Update</NAME>
     <OPERATION_TYPE>U</OPERATION_TYPE>
     <IMP_METHOD>SELECTBODYSET_UPDATE_ENTITY</IMP_METHOD>
    </_-IWBEP_-I_SBD_OP>
    <_-IWBEP_-I_SBD_OP>
     <PROJECT>ZRNDIC_MB5B_SELECT</PROJECT>
     <NODE_UUID>AFBWizboHtqM2cCk9/5Atw==</NODE_UUID>
     <PARENT_UUID>AFBWizboHtqM2cCk9/3Atw==</PARENT_UUID>
     <NAME>Delete</NAME>
     <OPERATION_TYPE>D</OPERATION_TYPE>
     <IMP_METHOD>SELECTBODYSET_DELETE_ENTITY</IMP_METHOD>
    </_-IWBEP_-I_SBD_OP>
    <_-IWBEP_-I_SBD_OP>
     <PROJECT>ZRNDIC_MB5B_SELECT</PROJECT>
     <NODE_UUID>AFBWizboHtqM2cCk9/5gtw==</NODE_UUID>
     <PARENT_UUID>AFBWizboHtqM2cCk9/3Atw==</PARENT_UUID>
     <NAME>GetEntitySet (Query)</NAME>
     <OPERATION_TYPE>Q</OPERATION_TYPE>
     <IMP_METHOD>SELECTBODYSET_GET_ENTITYSET</IMP_METHOD>
    </_-IWBEP_-I_SBD_OP>
    <_-IWBEP_-I_SBD_OP>
     <PROJECT>ZRNDIC_MB5B_SELECT</PROJECT>
     <NODE_UUID>AFBWizboHtqOo1NHjD7gtw==</NODE_UUID>
     <PARENT_UUID>AFBWizboHtqOo1NHjD7Atw==</PARENT_UUID>
     <NAME>Create</NAME>
     <OPERATION_TYPE>C</OPERATION_TYPE>
     <IMP_METHOD>ADDTABLESET_CREATE_ENTITY</IMP_METHOD>
    </_-IWBEP_-I_SBD_OP>
    <_-IWBEP_-I_SBD_OP>
     <PROJECT>ZRNDIC_MB5B_SELECT</PROJECT>
     <NODE_UUID>AFBWizboHtqOo1NHjD8Atw==</NODE_UUID>
     <PARENT_UUID>AFBWizboHtqOo1NHjD7Atw==</PARENT_UUID>
     <NAME>GetEntity (Read)</NAME>
     <OPERATION_TYPE>R</OPERATION_TYPE>
     <IMP_METHOD>ADDTABLESET_GET_ENTITY</IMP_METHOD>
    </_-IWBEP_-I_SBD_OP>
    <_-IWBEP_-I_SBD_OP>
     <PROJECT>ZRNDIC_MB5B_SELECT</PROJECT>
     <NODE_UUID>AFBWizboHtqOo1NHjD8gtw==</NODE_UUID>
     <PARENT_UUID>AFBWizboHtqOo1NHjD7Atw==</PARENT_UUID>
     <NAME>Update</NAME>
     <OPERATION_TYPE>U</OPERATION_TYPE>
     <IMP_METHOD>ADDTABLESET_UPDATE_ENTITY</IMP_METHOD>
    </_-IWBEP_-I_SBD_OP>
    <_-IWBEP_-I_SBD_OP>
     <PROJECT>ZRNDIC_MB5B_SELECT</PROJECT>
     <NODE_UUID>AFBWizboHtqOo1NHjD9Atw==</NODE_UUID>
     <PARENT_UUID>AFBWizboHtqOo1NHjD7Atw==</PARENT_UUID>
     <NAME>Delete</NAME>
     <OPERATION_TYPE>D</OPERATION_TYPE>
     <IMP_METHOD>ADDTABLESET_DELETE_ENTITY</IMP_METHOD>
    </_-IWBEP_-I_SBD_OP>
    <_-IWBEP_-I_SBD_OP>
     <PROJECT>ZRNDIC_MB5B_SELECT</PROJECT>
     <NODE_UUID>AFBWizboHtqOo1NHjD9gtw==</NODE_UUID>
     <PARENT_UUID>AFBWizboHtqOo1NHjD7Atw==</PARENT_UUID>
     <NAME>GetEntitySet (Query)</NAME>
     <OPERATION_TYPE>Q</OPERATION_TYPE>
     <IMP_METHOD>ADDTABLESET_GET_ENTITYSET</IMP_METHOD>
    </_-IWBEP_-I_SBD_OP>
    <_-IWBEP_-I_SBD_OP>
     <PROJECT>ZRNDIC_MB5B_SELECT</PROJECT>
     <NODE_UUID>AFBWizboHtqOo1QWrb7Atw==</NODE_UUID>
     <PARENT_UUID>AFBWizboHtqOo1QWrb6gtw==</PARENT_UUID>
     <NAME>Create</NAME>
     <OPERATION_TYPE>C</OPERATION_TYPE>
     <IMP_METHOD>ADDTABLECONTENTS_CREATE_ENTITY</IMP_METHOD>
    </_-IWBEP_-I_SBD_OP>
    <_-IWBEP_-I_SBD_OP>
     <PROJECT>ZRNDIC_MB5B_SELECT</PROJECT>
     <NODE_UUID>AFBWizboHtqOo1QWrb7gtw==</NODE_UUID>
     <PARENT_UUID>AFBWizboHtqOo1QWrb6gtw==</PARENT_UUID>
     <NAME>GetEntity (Read)</NAME>
     <OPERATION_TYPE>R</OPERATION_TYPE>
     <IMP_METHOD>ADDTABLECONTENTS_GET_ENTITY</IMP_METHOD>
    </_-IWBEP_-I_SBD_OP>
    <_-IWBEP_-I_SBD_OP>
     <PROJECT>ZRNDIC_MB5B_SELECT</PROJECT>
     <NODE_UUID>AFBWizboHtqOo1QWrb8Atw==</NODE_UUID>
     <PARENT_UUID>AFBWizboHtqOo1QWrb6gtw==</PARENT_UUID>
     <NAME>Update</NAME>
     <OPERATION_TYPE>U</OPERATION_TYPE>
     <IMP_METHOD>ADDTABLECONTENTS_UPDATE_ENTITY</IMP_METHOD>
    </_-IWBEP_-I_SBD_OP>
    <_-IWBEP_-I_SBD_OP>
     <PROJECT>ZRNDIC_MB5B_SELECT</PROJECT>
     <NODE_UUID>AFBWizboHtqOo1QWrb8gtw==</NODE_UUID>
     <PARENT_UUID>AFBWizboHtqOo1QWrb6gtw==</PARENT_UUID>
     <NAME>Delete</NAME>
     <OPERATION_TYPE>D</OPERATION_TYPE>
     <IMP_METHOD>ADDTABLECONTENTS_DELETE_ENTITY</IMP_METHOD>
    </_-IWBEP_-I_SBD_OP>
    <_-IWBEP_-I_SBD_OP>
     <PROJECT>ZRNDIC_MB5B_SELECT</PROJECT>
     <NODE_UUID>AFBWizboHtqOo1QWrb9Atw==</NODE_UUID>
     <PARENT_UUID>AFBWizboHtqOo1QWrb6gtw==</PARENT_UUID>
     <NAME>GetEntitySet (Query)</NAME>
     <OPERATION_TYPE>Q</OPERATION_TYPE>
     <IMP_METHOD>ADDTABLECONTENTS_GET_ENTITYSET</IMP_METHOD>
    </_-IWBEP_-I_SBD_OP>
   </_-IWBEP_-I_SBD_OP>
   <_-IWBEP_-I_SBD_OPT>
    <_-IWBEP_-I_SBD_OPT>
     <SYLANGU>E</SYLANGU>
     <PROJECT>ZRNDIC_MB5B_SELECT</PROJECT>
     <NODE_UUID>AFBWizboHtqM2RTZuDNgtw==</NODE_UUID>
    </_-IWBEP_-I_SBD_OPT>
    <_-IWBEP_-I_SBD_OPT>
     <SYLANGU>E</SYLANGU>
     <PROJECT>ZRNDIC_MB5B_SELECT</PROJECT>
     <NODE_UUID>AFBWizboHtqM2RTZuDOAtw==</NODE_UUID>
    </_-IWBEP_-I_SBD_OPT>
    <_-IWBEP_-I_SBD_OPT>
     <SYLANGU>E</SYLANGU>
     <PROJECT>ZRNDIC_MB5B_SELECT</PROJECT>
     <NODE_UUID>AFBWizboHtqM2RTZuDOgtw==</NODE_UUID>
    </_-IWBEP_-I_SBD_OPT>
    <_-IWBEP_-I_SBD_OPT>
     <SYLANGU>E</SYLANGU>
     <PROJECT>ZRNDIC_MB5B_SELECT</PROJECT>
     <NODE_UUID>AFBWizboHtqM2RTZuDPAtw==</NODE_UUID>
    </_-IWBEP_-I_SBD_OPT>
    <_-IWBEP_-I_SBD_OPT>
     <SYLANGU>E</SYLANGU>
     <PROJECT>ZRNDIC_MB5B_SELECT</PROJECT>
     <NODE_UUID>AFBWizboHtqM2RTZuDPgtw==</NODE_UUID>
    </_-IWBEP_-I_SBD_OPT>
    <_-IWBEP_-I_SBD_OPT>
     <SYLANGU>E</SYLANGU>
     <PROJECT>ZRNDIC_MB5B_SELECT</PROJECT>
     <NODE_UUID>AFBWizboHtqM2RdbXqdAtw==</NODE_UUID>
    </_-IWBEP_-I_SBD_OPT>
    <_-IWBEP_-I_SBD_OPT>
     <SYLANGU>E</SYLANGU>
     <PROJECT>ZRNDIC_MB5B_SELECT</PROJECT>
     <NODE_UUID>AFBWizboHtqM2RdbXqdgtw==</NODE_UUID>
    </_-IWBEP_-I_SBD_OPT>
    <_-IWBEP_-I_SBD_OPT>
     <SYLANGU>E</SYLANGU>
     <PROJECT>ZRNDIC_MB5B_SELECT</PROJECT>
     <NODE_UUID>AFBWizboHtqM2RdbXqeAtw==</NODE_UUID>
    </_-IWBEP_-I_SBD_OPT>
    <_-IWBEP_-I_SBD_OPT>
     <SYLANGU>E</SYLANGU>
     <PROJECT>ZRNDIC_MB5B_SELECT</PROJECT>
     <NODE_UUID>AFBWizboHtqM2RdbXqegtw==</NODE_UUID>
    </_-IWBEP_-I_SBD_OPT>
    <_-IWBEP_-I_SBD_OPT>
     <SYLANGU>E</SYLANGU>
     <PROJECT>ZRNDIC_MB5B_SELECT</PROJECT>
     <NODE_UUID>AFBWizboHtqM2RdbXqfAtw==</NODE_UUID>
    </_-IWBEP_-I_SBD_OPT>
    <_-IWBEP_-I_SBD_OPT>
     <SYLANGU>E</SYLANGU>
     <PROJECT>ZRNDIC_MB5B_SELECT</PROJECT>
     <NODE_UUID>AFBWizboHtqM2bu1CoNAtw==</NODE_UUID>
    </_-IWBEP_-I_SBD_OPT>
    <_-IWBEP_-I_SBD_OPT>
     <SYLANGU>E</SYLANGU>
     <PROJECT>ZRNDIC_MB5B_SELECT</PROJECT>
     <NODE_UUID>AFBWizboHtqM2bu1CoNgtw==</NODE_UUID>
    </_-IWBEP_-I_SBD_OPT>
    <_-IWBEP_-I_SBD_OPT>
     <SYLANGU>E</SYLANGU>
     <PROJECT>ZRNDIC_MB5B_SELECT</PROJECT>
     <NODE_UUID>AFBWizboHtqM2bu1CoOAtw==</NODE_UUID>
    </_-IWBEP_-I_SBD_OPT>
    <_-IWBEP_-I_SBD_OPT>
     <SYLANGU>E</SYLANGU>
     <PROJECT>ZRNDIC_MB5B_SELECT</PROJECT>
     <NODE_UUID>AFBWizboHtqM2bu1CoOgtw==</NODE_UUID>
    </_-IWBEP_-I_SBD_OPT>
    <_-IWBEP_-I_SBD_OPT>
     <SYLANGU>E</SYLANGU>
     <PROJECT>ZRNDIC_MB5B_SELECT</PROJECT>
     <NODE_UUID>AFBWizboHtqM2bu1CoPAtw==</NODE_UUID>
    </_-IWBEP_-I_SBD_OPT>
    <_-IWBEP_-I_SBD_OPT>
     <SYLANGU>E</SYLANGU>
     <PROJECT>ZRNDIC_MB5B_SELECT</PROJECT>
     <NODE_UUID>AFBWizboHtqM2cCk9/3gtw==</NODE_UUID>
    </_-IWBEP_-I_SBD_OPT>
    <_-IWBEP_-I_SBD_OPT>
     <SYLANGU>E</SYLANGU>
     <PROJECT>ZRNDIC_MB5B_SELECT</PROJECT>
     <NODE_UUID>AFBWizboHtqM2cCk9/4Atw==</NODE_UUID>
    </_-IWBEP_-I_SBD_OPT>
    <_-IWBEP_-I_SBD_OPT>
     <SYLANGU>E</SYLANGU>
     <PROJECT>ZRNDIC_MB5B_SELECT</PROJECT>
     <NODE_UUID>AFBWizboHtqM2cCk9/4gtw==</NODE_UUID>
    </_-IWBEP_-I_SBD_OPT>
    <_-IWBEP_-I_SBD_OPT>
     <SYLANGU>E</SYLANGU>
     <PROJECT>ZRNDIC_MB5B_SELECT</PROJECT>
     <NODE_UUID>AFBWizboHtqM2cCk9/5Atw==</NODE_UUID>
    </_-IWBEP_-I_SBD_OPT>
    <_-IWBEP_-I_SBD_OPT>
     <SYLANGU>E</SYLANGU>
     <PROJECT>ZRNDIC_MB5B_SELECT</PROJECT>
     <NODE_UUID>AFBWizboHtqM2cCk9/5gtw==</NODE_UUID>
    </_-IWBEP_-I_SBD_OPT>
    <_-IWBEP_-I_SBD_OPT>
     <SYLANGU>E</SYLANGU>
     <PROJECT>ZRNDIC_MB5B_SELECT</PROJECT>
     <NODE_UUID>AFBWizboHtqOo1NHjD7gtw==</NODE_UUID>
    </_-IWBEP_-I_SBD_OPT>
    <_-IWBEP_-I_SBD_OPT>
     <SYLANGU>E</SYLANGU>
     <PROJECT>ZRNDIC_MB5B_SELECT</PROJECT>
     <NODE_UUID>AFBWizboHtqOo1NHjD8Atw==</NODE_UUID>
    </_-IWBEP_-I_SBD_OPT>
    <_-IWBEP_-I_SBD_OPT>
     <SYLANGU>E</SYLANGU>
     <PROJECT>ZRNDIC_MB5B_SELECT</PROJECT>
     <NODE_UUID>AFBWizboHtqOo1NHjD8gtw==</NODE_UUID>
    </_-IWBEP_-I_SBD_OPT>
    <_-IWBEP_-I_SBD_OPT>
     <SYLANGU>E</SYLANGU>
     <PROJECT>ZRNDIC_MB5B_SELECT</PROJECT>
     <NODE_UUID>AFBWizboHtqOo1NHjD9Atw==</NODE_UUID>
    </_-IWBEP_-I_SBD_OPT>
    <_-IWBEP_-I_SBD_OPT>
     <SYLANGU>E</SYLANGU>
     <PROJECT>ZRNDIC_MB5B_SELECT</PROJECT>
     <NODE_UUID>AFBWizboHtqOo1NHjD9gtw==</NODE_UUID>
    </_-IWBEP_-I_SBD_OPT>
    <_-IWBEP_-I_SBD_OPT>
     <SYLANGU>E</SYLANGU>
     <PROJECT>ZRNDIC_MB5B_SELECT</PROJECT>
     <NODE_UUID>AFBWizboHtqOo1QWrb7Atw==</NODE_UUID>
    </_-IWBEP_-I_SBD_OPT>
    <_-IWBEP_-I_SBD_OPT>
     <SYLANGU>E</SYLANGU>
     <PROJECT>ZRNDIC_MB5B_SELECT</PROJECT>
     <NODE_UUID>AFBWizboHtqOo1QWrb7gtw==</NODE_UUID>
    </_-IWBEP_-I_SBD_OPT>
    <_-IWBEP_-I_SBD_OPT>
     <SYLANGU>E</SYLANGU>
     <PROJECT>ZRNDIC_MB5B_SELECT</PROJECT>
     <NODE_UUID>AFBWizboHtqOo1QWrb8Atw==</NODE_UUID>
    </_-IWBEP_-I_SBD_OPT>
    <_-IWBEP_-I_SBD_OPT>
     <SYLANGU>E</SYLANGU>
     <PROJECT>ZRNDIC_MB5B_SELECT</PROJECT>
     <NODE_UUID>AFBWizboHtqOo1QWrb8gtw==</NODE_UUID>
    </_-IWBEP_-I_SBD_OPT>
    <_-IWBEP_-I_SBD_OPT>
     <SYLANGU>E</SYLANGU>
     <PROJECT>ZRNDIC_MB5B_SELECT</PROJECT>
     <NODE_UUID>AFBWizboHtqOo1QWrb9Atw==</NODE_UUID>
    </_-IWBEP_-I_SBD_OPT>
   </_-IWBEP_-I_SBD_OPT>
   <_-IWBEP_-I_SBD_PR>
    <_-IWBEP_-I_SBD_PR>
     <PROJECT>ZRNDIC_MB5B_SELECT</PROJECT>
     <NODE_UUID>AFBWizboHtqM2Qjj7A+Atw==</NODE_UUID>
     <CREATION_USER_ID>DEVELOPER3</CREATION_USER_ID>
     <CREATION_TIME>20200109101038.927</CREATION_TIME>
     <LAST_CHG_USER_ID>DEVELOPER3</LAST_CHG_USER_ID>
     <LAST_CHG_TIME>20200117112050.949</LAST_CHG_TIME>
     <LAST_CHG_STATE>AFBWizboHtqOo2zDhB9gtw==</LAST_CHG_STATE>
     <PLUGIN>/IWBEP/GEN</PLUGIN>
     <STRAT_NAME>0001</STRAT_NAME>
     <STRAT_VERSION>0001</STRAT_VERSION>
     <PROJECT_TYPE>1</PROJECT_TYPE>
    </_-IWBEP_-I_SBD_PR>
   </_-IWBEP_-I_SBD_PR>
   <_-IWBEP_-I_SBD_PRT>
    <_-IWBEP_-I_SBD_PRT>
     <PROJECT>ZRNDIC_MB5B_SELECT</PROJECT>
     <SYLANGU>E</SYLANGU>
     <DESCRIPTION>Selects specific to MB5B transaction</DESCRIPTION>
    </_-IWBEP_-I_SBD_PRT>
   </_-IWBEP_-I_SBD_PRT>
   <_-IWBEP_-I_SBD_SE>
    <_-IWBEP_-I_SBD_SE>
     <PROJECT>ZRNDIC_MB5B_SELECT</PROJECT>
     <NODE_UUID>AFBWizboHtqM2RTZuDNAtw==</NODE_UUID>
     <PARENT_UUID>AFBWizboHtqM2Qjj7A/Atw==</PARENT_UUID>
     <NAME>SelOptPropertySet</NAME>
     <ENTITY_SET_UUID>AFBWizboHtqM2RTZuDMgtw==</ENTITY_SET_UUID>
    </_-IWBEP_-I_SBD_SE>
    <_-IWBEP_-I_SBD_SE>
     <PROJECT>ZRNDIC_MB5B_SELECT</PROJECT>
     <NODE_UUID>AFBWizboHtqM2RdbXqcgtw==</NODE_UUID>
     <PARENT_UUID>AFBWizboHtqM2Qjj7A/Atw==</PARENT_UUID>
     <NAME>SelOptionsSet</NAME>
     <ENTITY_SET_UUID>AFBWizboHtqM2RdbXqcAtw==</ENTITY_SET_UUID>
    </_-IWBEP_-I_SBD_SE>
    <_-IWBEP_-I_SBD_SE>
     <PROJECT>ZRNDIC_MB5B_SELECT</PROJECT>
     <NODE_UUID>AFBWizboHtqM2bu1CoMgtw==</NODE_UUID>
     <PARENT_UUID>AFBWizboHtqM2Qjj7A/Atw==</PARENT_UUID>
     <NAME>SelectHeaderSet</NAME>
     <ENTITY_SET_UUID>AFBWizboHtqM2bu1CoMAtw==</ENTITY_SET_UUID>
    </_-IWBEP_-I_SBD_SE>
    <_-IWBEP_-I_SBD_SE>
     <PROJECT>ZRNDIC_MB5B_SELECT</PROJECT>
     <NODE_UUID>AFBWizboHtqM2cCk9/3Atw==</NODE_UUID>
     <PARENT_UUID>AFBWizboHtqM2Qjj7A/Atw==</PARENT_UUID>
     <NAME>SelectBodySet</NAME>
     <ENTITY_SET_UUID>AFBWizboHtqM2cCk9/2gtw==</ENTITY_SET_UUID>
    </_-IWBEP_-I_SBD_SE>
    <_-IWBEP_-I_SBD_SE>
     <PROJECT>ZRNDIC_MB5B_SELECT</PROJECT>
     <NODE_UUID>AFBWizboHtqOo1NHjD7Atw==</NODE_UUID>
     <PARENT_UUID>AFBWizboHtqM2Qjj7A/Atw==</PARENT_UUID>
     <NAME>AddTableSet</NAME>
     <ENTITY_SET_UUID>AFBWizboHtqOo1NHjD6gtw==</ENTITY_SET_UUID>
    </_-IWBEP_-I_SBD_SE>
    <_-IWBEP_-I_SBD_SE>
     <PROJECT>ZRNDIC_MB5B_SELECT</PROJECT>
     <NODE_UUID>AFBWizboHtqOo1QWrb6gtw==</NODE_UUID>
     <PARENT_UUID>AFBWizboHtqM2Qjj7A/Atw==</PARENT_UUID>
     <NAME>AddTableContentSet</NAME>
     <ENTITY_SET_UUID>AFBWizboHtqOo1QWrb6Atw==</ENTITY_SET_UUID>
    </_-IWBEP_-I_SBD_SE>
   </_-IWBEP_-I_SBD_SE>
   <_-IWBEP_-I_SBD_SET>
    <_-IWBEP_-I_SBD_SET>
     <SYLANGU>E</SYLANGU>
     <PROJECT>ZRNDIC_MB5B_SELECT</PROJECT>
     <NODE_UUID>AFBWizboHtqM2RTZuDNAtw==</NODE_UUID>
    </_-IWBEP_-I_SBD_SET>
    <_-IWBEP_-I_SBD_SET>
     <SYLANGU>E</SYLANGU>
     <PROJECT>ZRNDIC_MB5B_SELECT</PROJECT>
     <NODE_UUID>AFBWizboHtqM2RdbXqcgtw==</NODE_UUID>
    </_-IWBEP_-I_SBD_SET>
    <_-IWBEP_-I_SBD_SET>
     <SYLANGU>E</SYLANGU>
     <PROJECT>ZRNDIC_MB5B_SELECT</PROJECT>
     <NODE_UUID>AFBWizboHtqM2bu1CoMgtw==</NODE_UUID>
    </_-IWBEP_-I_SBD_SET>
    <_-IWBEP_-I_SBD_SET>
     <SYLANGU>E</SYLANGU>
     <PROJECT>ZRNDIC_MB5B_SELECT</PROJECT>
     <NODE_UUID>AFBWizboHtqM2cCk9/3Atw==</NODE_UUID>
    </_-IWBEP_-I_SBD_SET>
    <_-IWBEP_-I_SBD_SET>
     <SYLANGU>E</SYLANGU>
     <PROJECT>ZRNDIC_MB5B_SELECT</PROJECT>
     <NODE_UUID>AFBWizboHtqOo1NHjD7Atw==</NODE_UUID>
    </_-IWBEP_-I_SBD_SET>
    <_-IWBEP_-I_SBD_SET>
     <SYLANGU>E</SYLANGU>
     <PROJECT>ZRNDIC_MB5B_SELECT</PROJECT>
     <NODE_UUID>AFBWizboHtqOo1QWrb6gtw==</NODE_UUID>
    </_-IWBEP_-I_SBD_SET>
   </_-IWBEP_-I_SBD_SET>
   <_-IWBEP_-I_SBD_SV>
    <_-IWBEP_-I_SBD_SV>
     <PROJECT>ZRNDIC_MB5B_SELECT</PROJECT>
     <NODE_UUID>AFBWizboHtqM2Qjj7A/Atw==</NODE_UUID>
     <TECHNICAL_NAME>ZRNDIC_MB5B_SELECT_SRV</TECHNICAL_NAME>
     <VERSION>0001</VERSION>
     <DPC>ZCL_ZRNDIC_MB5B_SELECT_DPC_EXT</DPC>
     <EXTERNAL_NAME>ZRNDIC_MB5B_SELECT_SRV</EXTERNAL_NAME>
    </_-IWBEP_-I_SBD_SV>
   </_-IWBEP_-I_SBD_SV>
   <_-IWBEP_-I_SBD_SVT>
    <_-IWBEP_-I_SBD_SVT>
     <SYLANGU>E</SYLANGU>
     <PROJECT>ZRNDIC_MB5B_SELECT</PROJECT>
     <NODE_UUID>AFBWizboHtqM2Qjj7A/Atw==</NODE_UUID>
    </_-IWBEP_-I_SBD_SVT>
   </_-IWBEP_-I_SBD_SVT>
   <_-IWBEP_-I_SBO_ASO>
    <_-IWBEP_-I_SBO_ASO>
     <PROJECT>ZRNDIC_MB5B_SELECT</PROJECT>
     <NODE_UUID>AFBWizboHtqM2WJMhxIAtw==</NODE_UUID>
     <NAME>SelOptPropertiesSelOptions</NAME>
     <MODEL_GUID>AFBWizboHtqM2Qjj7A+gtw==</MODEL_GUID>
     <LEFT_END_GUID>AFBWizboHtqM2RTZuDMAtw==</LEFT_END_GUID>
     <RIGHT_END_GUID>AFBWizboHtqM2RdbXqbgtw==</RIGHT_END_GUID>
     <LEFT_END_CARD>1</LEFT_END_CARD>
     <RIGHT_END_CARD>M</RIGHT_END_CARD>
     <REF_TYPE>T</REF_TYPE>
     <TXTR_XU>X</TXTR_XU>
     <DESCRIPTION_XU>X</DESCRIPTION_XU>
     <ASSOC_LABEL_XU>X</ASSOC_LABEL_XU>
    </_-IWBEP_-I_SBO_ASO>
    <_-IWBEP_-I_SBO_ASO>
     <PROJECT>ZRNDIC_MB5B_SELECT</PROJECT>
     <NODE_UUID>AFBWizboHtqM2dEEsy+gtw==</NODE_UUID>
     <NAME>SelectHeaderSelectBody</NAME>
     <MODEL_GUID>AFBWizboHtqM2Qjj7A+gtw==</MODEL_GUID>
     <LEFT_END_GUID>AFBWizboHtqM2bu1CoLgtw==</LEFT_END_GUID>
     <RIGHT_END_GUID>AFBWizboHtqM2cCk9/2Atw==</RIGHT_END_GUID>
     <LEFT_END_CARD>1</LEFT_END_CARD>
     <RIGHT_END_CARD>M</RIGHT_END_CARD>
     <REF_TYPE>T</REF_TYPE>
     <DESCRIPTION_XU>X</DESCRIPTION_XU>
    </_-IWBEP_-I_SBO_ASO>
    <_-IWBEP_-I_SBO_ASO>
     <PROJECT>ZRNDIC_MB5B_SELECT</PROJECT>
     <NODE_UUID>AFBWizboHtqM2dmKi6rAtw==</NODE_UUID>
     <NAME>SelectHeaderSelOptProperties</NAME>
     <MODEL_GUID>AFBWizboHtqM2Qjj7A+gtw==</MODEL_GUID>
     <LEFT_END_GUID>AFBWizboHtqM2bu1CoLgtw==</LEFT_END_GUID>
     <RIGHT_END_GUID>AFBWizboHtqM2RTZuDMAtw==</RIGHT_END_GUID>
     <LEFT_END_CARD>1</LEFT_END_CARD>
     <RIGHT_END_CARD>M</RIGHT_END_CARD>
     <REF_TYPE>T</REF_TYPE>
     <DESCRIPTION_XU>X</DESCRIPTION_XU>
    </_-IWBEP_-I_SBO_ASO>
    <_-IWBEP_-I_SBO_ASO>
     <PROJECT>ZRNDIC_MB5B_SELECT</PROJECT>
     <NODE_UUID>AFBWizboHtqOo1qSZ8Jgtw==</NODE_UUID>
     <NAME>SelectHeaderAddTable</NAME>
     <MODEL_GUID>AFBWizboHtqM2Qjj7A+gtw==</MODEL_GUID>
     <LEFT_END_GUID>AFBWizboHtqM2bu1CoLgtw==</LEFT_END_GUID>
     <RIGHT_END_GUID>AFBWizboHtqOo0qwY1Fgtw==</RIGHT_END_GUID>
     <LEFT_END_CARD>1</LEFT_END_CARD>
     <RIGHT_END_CARD>M</RIGHT_END_CARD>
     <REF_TYPE>T</REF_TYPE>
     <DESCRIPTION_XU>X</DESCRIPTION_XU>
    </_-IWBEP_-I_SBO_ASO>
    <_-IWBEP_-I_SBO_ASO>
     <PROJECT>ZRNDIC_MB5B_SELECT</PROJECT>
     <NODE_UUID>AFBWizboHtqOo13ILdsAtw==</NODE_UUID>
     <NAME>AddTableAddTableContent</NAME>
     <MODEL_GUID>AFBWizboHtqM2Qjj7A+gtw==</MODEL_GUID>
     <LEFT_END_GUID>AFBWizboHtqOo0qwY1Fgtw==</LEFT_END_GUID>
     <RIGHT_END_GUID>AFBWizboHtqOo0wO3wNAtw==</RIGHT_END_GUID>
     <LEFT_END_CARD>1</LEFT_END_CARD>
     <RIGHT_END_CARD>M</RIGHT_END_CARD>
     <REF_TYPE>T</REF_TYPE>
     <DESCRIPTION_XU>X</DESCRIPTION_XU>
    </_-IWBEP_-I_SBO_ASO>
   </_-IWBEP_-I_SBO_ASO>
   <_-IWBEP_-I_SBO_AST>
    <_-IWBEP_-I_SBO_AST>
     <SYLANGU>E</SYLANGU>
     <PROJECT>ZRNDIC_MB5B_SELECT</PROJECT>
     <NODE_UUID>AFBWizboHtqM2WJMhxIAtw==</NODE_UUID>
    </_-IWBEP_-I_SBO_AST>
    <_-IWBEP_-I_SBO_AST>
     <SYLANGU>E</SYLANGU>
     <PROJECT>ZRNDIC_MB5B_SELECT</PROJECT>
     <NODE_UUID>AFBWizboHtqM2dEEsy+gtw==</NODE_UUID>
    </_-IWBEP_-I_SBO_AST>
    <_-IWBEP_-I_SBO_AST>
     <SYLANGU>E</SYLANGU>
     <PROJECT>ZRNDIC_MB5B_SELECT</PROJECT>
     <NODE_UUID>AFBWizboHtqM2dmKi6rAtw==</NODE_UUID>
    </_-IWBEP_-I_SBO_AST>
    <_-IWBEP_-I_SBO_AST>
     <SYLANGU>E</SYLANGU>
     <PROJECT>ZRNDIC_MB5B_SELECT</PROJECT>
     <NODE_UUID>AFBWizboHtqOo1qSZ8Jgtw==</NODE_UUID>
    </_-IWBEP_-I_SBO_AST>
    <_-IWBEP_-I_SBO_AST>
     <SYLANGU>E</SYLANGU>
     <PROJECT>ZRNDIC_MB5B_SELECT</PROJECT>
     <NODE_UUID>AFBWizboHtqOo13ILdsAtw==</NODE_UUID>
    </_-IWBEP_-I_SBO_AST>
   </_-IWBEP_-I_SBO_AST>
   <_-IWBEP_-I_SBO_AT>
    <_-IWBEP_-I_SBO_AT>
     <PROJECT>ZRNDIC_MB5B_SELECT</PROJECT>
     <NODE_UUID>AFBWizboHtqM2WRlRY5Atw==</NODE_UUID>
     <NAME>SelOptPropertiesSelOptionsSet</NAME>
     <MODEL_GUID>AFBWizboHtqM2Qjj7A+gtw==</MODEL_GUID>
     <LEFT_END_GUID>AFBWizboHtqM2RTZuDMgtw==</LEFT_END_GUID>
     <RIGHT_END_GUID>AFBWizboHtqM2RdbXqcAtw==</RIGHT_END_GUID>
     <ASSOCIATION_GUID>AFBWizboHtqM2WJMhxIAtw==</ASSOCIATION_GUID>
     <REF_TYPE>T</REF_TYPE>
     <TXTR_XU>X</TXTR_XU>
     <DESCRIPTION_XU>X</DESCRIPTION_XU>
     <ASST_LABEL_XU>X</ASST_LABEL_XU>
    </_-IWBEP_-I_SBO_AT>
    <_-IWBEP_-I_SBO_AT>
     <PROJECT>ZRNDIC_MB5B_SELECT</PROJECT>
     <NODE_UUID>AFBWizboHtqM2dHnf1oAtw==</NODE_UUID>
     <NAME>SelectHeaderSelectBodySet</NAME>
     <MODEL_GUID>AFBWizboHtqM2Qjj7A+gtw==</MODEL_GUID>
     <LEFT_END_GUID>AFBWizboHtqM2bu1CoMAtw==</LEFT_END_GUID>
     <RIGHT_END_GUID>AFBWizboHtqM2cCk9/2gtw==</RIGHT_END_GUID>
     <ASSOCIATION_GUID>AFBWizboHtqM2dEEsy+gtw==</ASSOCIATION_GUID>
     <REF_TYPE>T</REF_TYPE>
     <TXTR_XU>X</TXTR_XU>
     <DESCRIPTION_XU>X</DESCRIPTION_XU>
     <ASST_LABEL_XU>X</ASST_LABEL_XU>
    </_-IWBEP_-I_SBO_AT>
    <_-IWBEP_-I_SBO_AT>
     <PROJECT>ZRNDIC_MB5B_SELECT</PROJECT>
     <NODE_UUID>AFBWizboHtqM2dpmyVsgtw==</NODE_UUID>
     <NAME>SelectHeaderSelOptPropertiesSet</NAME>
     <MODEL_GUID>AFBWizboHtqM2Qjj7A+gtw==</MODEL_GUID>
     <LEFT_END_GUID>AFBWizboHtqM2bu1CoMAtw==</LEFT_END_GUID>
     <RIGHT_END_GUID>AFBWizboHtqM2RTZuDMgtw==</RIGHT_END_GUID>
     <ASSOCIATION_GUID>AFBWizboHtqM2dmKi6rAtw==</ASSOCIATION_GUID>
     <REF_TYPE>T</REF_TYPE>
     <DESCRIPTION_XU>X</DESCRIPTION_XU>
    </_-IWBEP_-I_SBO_AT>
   </_-IWBEP_-I_SBO_AT>
   <_-IWBEP_-I_SBO_ATT>
    <_-IWBEP_-I_SBO_ATT>
     <SYLANGU>E</SYLANGU>
     <PROJECT>ZRNDIC_MB5B_SELECT</PROJECT>
     <NODE_UUID>AFBWizboHtqM2WRlRY5Atw==</NODE_UUID>
    </_-IWBEP_-I_SBO_ATT>
    <_-IWBEP_-I_SBO_ATT>
     <SYLANGU>E</SYLANGU>
     <PROJECT>ZRNDIC_MB5B_SELECT</PROJECT>
     <NODE_UUID>AFBWizboHtqM2dHnf1oAtw==</NODE_UUID>
    </_-IWBEP_-I_SBO_ATT>
    <_-IWBEP_-I_SBO_ATT>
     <SYLANGU>E</SYLANGU>
     <PROJECT>ZRNDIC_MB5B_SELECT</PROJECT>
     <NODE_UUID>AFBWizboHtqM2dpmyVsgtw==</NODE_UUID>
    </_-IWBEP_-I_SBO_ATT>
   </_-IWBEP_-I_SBO_ATT>
   <_-IWBEP_-I_SBO_ES>
    <_-IWBEP_-I_SBO_ES>
     <PROJECT>ZRNDIC_MB5B_SELECT</PROJECT>
     <NODE_UUID>AFBWizboHtqM2RTZuDMgtw==</NODE_UUID>
     <MODEL>AFBWizboHtqM2Qjj7A+gtw==</MODEL>
     <NAME>SelOptPropertySet</NAME>
     <ENTITY_TYPE>AFBWizboHtqM2RTZuDMAtw==</ENTITY_TYPE>
     <CREATABLE>X</CREATABLE>
     <UPDATABLE>X</UPDATABLE>
     <DELETABLE>X</DELETABLE>
     <PAGEABLE>X</PAGEABLE>
     <ADDRESSABLE>X</ADDRESSABLE>
     <SEARCHABLE>X</SEARCHABLE>
     <SUBSCRIBABLE>X</SUBSCRIBABLE>
     <REQUIRES_FILTER>X</REQUIRES_FILTER>
     <REF_TYPE>T</REF_TYPE>
     <SEMANTIC_XU>X</SEMANTIC_XU>
     <LABEL_REF_XU>X</LABEL_REF_XU>
     <DESCRIPTION_XU>X</DESCRIPTION_XU>
     <ESET_LABEL_XU>X</ESET_LABEL_XU>
    </_-IWBEP_-I_SBO_ES>
    <_-IWBEP_-I_SBO_ES>
     <PROJECT>ZRNDIC_MB5B_SELECT</PROJECT>
     <NODE_UUID>AFBWizboHtqM2RdbXqcAtw==</NODE_UUID>
     <MODEL>AFBWizboHtqM2Qjj7A+gtw==</MODEL>
     <NAME>SelOptionsSet</NAME>
     <ENTITY_TYPE>AFBWizboHtqM2RdbXqbgtw==</ENTITY_TYPE>
     <CREATABLE>X</CREATABLE>
     <UPDATABLE>X</UPDATABLE>
     <DELETABLE>X</DELETABLE>
     <PAGEABLE>X</PAGEABLE>
     <ADDRESSABLE>X</ADDRESSABLE>
     <SEARCHABLE>X</SEARCHABLE>
     <SUBSCRIBABLE>X</SUBSCRIBABLE>
     <REQUIRES_FILTER>X</REQUIRES_FILTER>
     <REF_TYPE>T</REF_TYPE>
     <SEMANTIC_XU>X</SEMANTIC_XU>
     <LABEL_REF_XU>X</LABEL_REF_XU>
     <DESCRIPTION_XU>X</DESCRIPTION_XU>
     <ESET_LABEL_XU>X</ESET_LABEL_XU>
    </_-IWBEP_-I_SBO_ES>
    <_-IWBEP_-I_SBO_ES>
     <PROJECT>ZRNDIC_MB5B_SELECT</PROJECT>
     <NODE_UUID>AFBWizboHtqM2bu1CoMAtw==</NODE_UUID>
     <MODEL>AFBWizboHtqM2Qjj7A+gtw==</MODEL>
     <NAME>SelectHeaderSet</NAME>
     <ENTITY_TYPE>AFBWizboHtqM2bu1CoLgtw==</ENTITY_TYPE>
     <CREATABLE>X</CREATABLE>
     <UPDATABLE>X</UPDATABLE>
     <DELETABLE>X</DELETABLE>
     <PAGEABLE>X</PAGEABLE>
     <ADDRESSABLE>X</ADDRESSABLE>
     <SEARCHABLE>X</SEARCHABLE>
     <SUBSCRIBABLE>X</SUBSCRIBABLE>
     <REQUIRES_FILTER>X</REQUIRES_FILTER>
     <REF_TYPE>T</REF_TYPE>
     <SEMANTIC_XU>X</SEMANTIC_XU>
     <LABEL_REF_XU>X</LABEL_REF_XU>
     <DESCRIPTION_XU>X</DESCRIPTION_XU>
     <ESET_LABEL_XU>X</ESET_LABEL_XU>
    </_-IWBEP_-I_SBO_ES>
    <_-IWBEP_-I_SBO_ES>
     <PROJECT>ZRNDIC_MB5B_SELECT</PROJECT>
     <NODE_UUID>AFBWizboHtqM2cCk9/2gtw==</NODE_UUID>
     <MODEL>AFBWizboHtqM2Qjj7A+gtw==</MODEL>
     <NAME>SelectBodySet</NAME>
     <ENTITY_TYPE>AFBWizboHtqM2cCk9/2Atw==</ENTITY_TYPE>
     <CREATABLE>X</CREATABLE>
     <UPDATABLE>X</UPDATABLE>
     <DELETABLE>X</DELETABLE>
     <PAGEABLE>X</PAGEABLE>
     <ADDRESSABLE>X</ADDRESSABLE>
     <SEARCHABLE>X</SEARCHABLE>
     <SUBSCRIBABLE>X</SUBSCRIBABLE>
     <REQUIRES_FILTER>X</REQUIRES_FILTER>
     <REF_TYPE>T</REF_TYPE>
     <SEMANTIC_XU>X</SEMANTIC_XU>
     <LABEL_REF_XU>X</LABEL_REF_XU>
     <DESCRIPTION_XU>X</DESCRIPTION_XU>
     <ESET_LABEL_XU>X</ESET_LABEL_XU>
    </_-IWBEP_-I_SBO_ES>
    <_-IWBEP_-I_SBO_ES>
     <PROJECT>ZRNDIC_MB5B_SELECT</PROJECT>
     <NODE_UUID>AFBWizboHtqOo1NHjD6gtw==</NODE_UUID>
     <MODEL>AFBWizboHtqM2Qjj7A+gtw==</MODEL>
     <NAME>AddTableSet</NAME>
     <ENTITY_TYPE>AFBWizboHtqOo0qwY1Fgtw==</ENTITY_TYPE>
     <REF_TYPE>T</REF_TYPE>
     <CREATABLE_XU>X</CREATABLE_XU>
     <UPDATABLE_XU>X</UPDATABLE_XU>
     <DELETABLE_XU>X</DELETABLE_XU>
     <PAGEABLE_XU>X</PAGEABLE_XU>
     <ADDRESSABLE_XU>X</ADDRESSABLE_XU>
     <SEARCHABLE_XU>X</SEARCHABLE_XU>
     <SUBSCRIBABLE_XU>X</SUBSCRIBABLE_XU>
     <REQUIRES_FLT_XU>X</REQUIRES_FLT_XU>
     <SEMANTIC_XU>X</SEMANTIC_XU>
     <LABEL_REF_XU>X</LABEL_REF_XU>
     <DESCRIPTION_XU>X</DESCRIPTION_XU>
     <ESET_LABEL_XU>X</ESET_LABEL_XU>
    </_-IWBEP_-I_SBO_ES>
    <_-IWBEP_-I_SBO_ES>
     <PROJECT>ZRNDIC_MB5B_SELECT</PROJECT>
     <NODE_UUID>AFBWizboHtqOo1QWrb6Atw==</NODE_UUID>
     <MODEL>AFBWizboHtqM2Qjj7A+gtw==</MODEL>
     <NAME>AddTableContentSet</NAME>
     <ENTITY_TYPE>AFBWizboHtqOo0wO3wNAtw==</ENTITY_TYPE>
     <REF_TYPE>T</REF_TYPE>
     <CREATABLE_XU>X</CREATABLE_XU>
     <UPDATABLE_XU>X</UPDATABLE_XU>
     <DELETABLE_XU>X</DELETABLE_XU>
     <PAGEABLE_XU>X</PAGEABLE_XU>
     <ADDRESSABLE_XU>X</ADDRESSABLE_XU>
     <SEARCHABLE_XU>X</SEARCHABLE_XU>
     <SUBSCRIBABLE_XU>X</SUBSCRIBABLE_XU>
     <REQUIRES_FLT_XU>X</REQUIRES_FLT_XU>
     <SEMANTIC_XU>X</SEMANTIC_XU>
     <LABEL_REF_XU>X</LABEL_REF_XU>
     <DESCRIPTION_XU>X</DESCRIPTION_XU>
     <ESET_LABEL_XU>X</ESET_LABEL_XU>
    </_-IWBEP_-I_SBO_ES>
   </_-IWBEP_-I_SBO_ES>
   <_-IWBEP_-I_SBO_EST>
    <_-IWBEP_-I_SBO_EST>
     <SYLANGU>E</SYLANGU>
     <PROJECT>ZRNDIC_MB5B_SELECT</PROJECT>
     <NODE_UUID>AFBWizboHtqM2RTZuDMgtw==</NODE_UUID>
    </_-IWBEP_-I_SBO_EST>
    <_-IWBEP_-I_SBO_EST>
     <SYLANGU>E</SYLANGU>
     <PROJECT>ZRNDIC_MB5B_SELECT</PROJECT>
     <NODE_UUID>AFBWizboHtqM2RdbXqcAtw==</NODE_UUID>
    </_-IWBEP_-I_SBO_EST>
    <_-IWBEP_-I_SBO_EST>
     <SYLANGU>E</SYLANGU>
     <PROJECT>ZRNDIC_MB5B_SELECT</PROJECT>
     <NODE_UUID>AFBWizboHtqM2bu1CoMAtw==</NODE_UUID>
    </_-IWBEP_-I_SBO_EST>
    <_-IWBEP_-I_SBO_EST>
     <SYLANGU>E</SYLANGU>
     <PROJECT>ZRNDIC_MB5B_SELECT</PROJECT>
     <NODE_UUID>AFBWizboHtqM2cCk9/2gtw==</NODE_UUID>
    </_-IWBEP_-I_SBO_EST>
    <_-IWBEP_-I_SBO_EST>
     <SYLANGU>E</SYLANGU>
     <PROJECT>ZRNDIC_MB5B_SELECT</PROJECT>
     <NODE_UUID>AFBWizboHtqOo1NHjD6gtw==</NODE_UUID>
    </_-IWBEP_-I_SBO_EST>
    <_-IWBEP_-I_SBO_EST>
     <SYLANGU>E</SYLANGU>
     <PROJECT>ZRNDIC_MB5B_SELECT</PROJECT>
     <NODE_UUID>AFBWizboHtqOo1QWrb6Atw==</NODE_UUID>
    </_-IWBEP_-I_SBO_EST>
   </_-IWBEP_-I_SBO_EST>
   <_-IWBEP_-I_SBO_ET>
    <_-IWBEP_-I_SBO_ET>
     <PROJECT>ZRNDIC_MB5B_SELECT</PROJECT>
     <NODE_UUID>AFBWizboHtqM2RTZuDMAtw==</NODE_UUID>
     <NAME>SelOptProperty</NAME>
     <MODEL>AFBWizboHtqM2Qjj7A+gtw==</MODEL>
     <REF_TYPE>T</REF_TYPE>
     <ABAP_STRUCT>ZRNDIC_SELOPTPROP_ASSOC_UI_S</ABAP_STRUCT>
     <DESCRIPTION_XU>X</DESCRIPTION_XU>
    </_-IWBEP_-I_SBO_ET>
    <_-IWBEP_-I_SBO_ET>
     <PROJECT>ZRNDIC_MB5B_SELECT</PROJECT>
     <NODE_UUID>AFBWizboHtqM2RdbXqbgtw==</NODE_UUID>
     <NAME>SelOptions</NAME>
     <MODEL>AFBWizboHtqM2Qjj7A+gtw==</MODEL>
     <REF_TYPE>T</REF_TYPE>
     <ABAP_STRUCT>ZRNDIC_SELOPT_ASSOC_UI</ABAP_STRUCT>
     <DESCRIPTION_XU>X</DESCRIPTION_XU>
    </_-IWBEP_-I_SBO_ET>
    <_-IWBEP_-I_SBO_ET>
     <PROJECT>ZRNDIC_MB5B_SELECT</PROJECT>
     <NODE_UUID>AFBWizboHtqM2bu1CoLgtw==</NODE_UUID>
     <NAME>SelectHeader</NAME>
     <MODEL>AFBWizboHtqM2Qjj7A+gtw==</MODEL>
     <REF_TYPE>T</REF_TYPE>
     <ABAP_STRUCT>ZSELECT_GENERIC_HEAD_UI_S</ABAP_STRUCT>
     <DESCRIPTION_XU>X</DESCRIPTION_XU>
    </_-IWBEP_-I_SBO_ET>
    <_-IWBEP_-I_SBO_ET>
     <PROJECT>ZRNDIC_MB5B_SELECT</PROJECT>
     <NODE_UUID>AFBWizboHtqM2cCk9/2Atw==</NODE_UUID>
     <NAME>SelectBody</NAME>
     <MODEL>AFBWizboHtqM2Qjj7A+gtw==</MODEL>
     <REF_TYPE>T</REF_TYPE>
     <ABAP_STRUCT>ZSELECT_GENERIC_RESP_UI_S</ABAP_STRUCT>
     <DESCRIPTION_XU>X</DESCRIPTION_XU>
    </_-IWBEP_-I_SBO_ET>
    <_-IWBEP_-I_SBO_ET>
     <PROJECT>ZRNDIC_MB5B_SELECT</PROJECT>
     <NODE_UUID>AFBWizboHtqOo0qwY1Fgtw==</NODE_UUID>
     <NAME>AddTable</NAME>
     <MODEL>AFBWizboHtqM2Qjj7A+gtw==</MODEL>
     <REF_TYPE>T</REF_TYPE>
     <ABAP_STRUCT>ZSELECT_GENERIC_ADD_TAB_S</ABAP_STRUCT>
     <DESCRIPTION_XU>X</DESCRIPTION_XU>
    </_-IWBEP_-I_SBO_ET>
    <_-IWBEP_-I_SBO_ET>
     <PROJECT>ZRNDIC_MB5B_SELECT</PROJECT>
     <NODE_UUID>AFBWizboHtqOo0wO3wNAtw==</NODE_UUID>
     <NAME>AddTableContent</NAME>
     <MODEL>AFBWizboHtqM2Qjj7A+gtw==</MODEL>
     <REF_TYPE>T</REF_TYPE>
     <ABAP_STRUCT>ZSELECT_GENERIC_RESP_UI_S</ABAP_STRUCT>
     <DESCRIPTION_XU>X</DESCRIPTION_XU>
    </_-IWBEP_-I_SBO_ET>
   </_-IWBEP_-I_SBO_ET>
   <_-IWBEP_-I_SBO_ETT>
    <_-IWBEP_-I_SBO_ETT>
     <SYLANGU>E</SYLANGU>
     <PROJECT>ZRNDIC_MB5B_SELECT</PROJECT>
     <NODE_UUID>AFBWizboHtqM2RTZuDMAtw==</NODE_UUID>
    </_-IWBEP_-I_SBO_ETT>
    <_-IWBEP_-I_SBO_ETT>
     <SYLANGU>E</SYLANGU>
     <PROJECT>ZRNDIC_MB5B_SELECT</PROJECT>
     <NODE_UUID>AFBWizboHtqM2RdbXqbgtw==</NODE_UUID>
    </_-IWBEP_-I_SBO_ETT>
    <_-IWBEP_-I_SBO_ETT>
     <SYLANGU>E</SYLANGU>
     <PROJECT>ZRNDIC_MB5B_SELECT</PROJECT>
     <NODE_UUID>AFBWizboHtqM2bu1CoLgtw==</NODE_UUID>
    </_-IWBEP_-I_SBO_ETT>
    <_-IWBEP_-I_SBO_ETT>
     <SYLANGU>E</SYLANGU>
     <PROJECT>ZRNDIC_MB5B_SELECT</PROJECT>
     <NODE_UUID>AFBWizboHtqM2cCk9/2Atw==</NODE_UUID>
    </_-IWBEP_-I_SBO_ETT>
    <_-IWBEP_-I_SBO_ETT>
     <SYLANGU>E</SYLANGU>
     <PROJECT>ZRNDIC_MB5B_SELECT</PROJECT>
     <NODE_UUID>AFBWizboHtqOo0qwY1Fgtw==</NODE_UUID>
    </_-IWBEP_-I_SBO_ETT>
    <_-IWBEP_-I_SBO_ETT>
     <SYLANGU>E</SYLANGU>
     <PROJECT>ZRNDIC_MB5B_SELECT</PROJECT>
     <NODE_UUID>AFBWizboHtqOo0wO3wNAtw==</NODE_UUID>
    </_-IWBEP_-I_SBO_ETT>
   </_-IWBEP_-I_SBO_ETT>
   <_-IWBEP_-I_SBO_NP>
    <_-IWBEP_-I_SBO_NP>
     <PROJECT>ZRNDIC_MB5B_SELECT</PROJECT>
     <NODE_UUID>AFBWizboHtqM2WJMhxIgtw==</NODE_UUID>
     <NAME>SelectOptions</NAME>
     <RELATION_GUID>AFBWizboHtqM2WJMhxIAtw==</RELATION_GUID>
     <ENTITY_GUID>AFBWizboHtqM2RTZuDMAtw==</ENTITY_GUID>
     <REF_TYPE>T</REF_TYPE>
     <FROM_ROLE_XU>X</FROM_ROLE_XU>
     <TO_ROLE_XU>X</TO_ROLE_XU>
     <DESCRIPTION_XU>X</DESCRIPTION_XU>
    </_-IWBEP_-I_SBO_NP>
    <_-IWBEP_-I_SBO_NP>
     <PROJECT>ZRNDIC_MB5B_SELECT</PROJECT>
     <NODE_UUID>AFBWizboHtqM2dEEsy/Atw==</NODE_UUID>
     <NAME>SelectBody</NAME>
     <RELATION_GUID>AFBWizboHtqM2dEEsy+gtw==</RELATION_GUID>
     <ENTITY_GUID>AFBWizboHtqM2bu1CoLgtw==</ENTITY_GUID>
     <REF_TYPE>T</REF_TYPE>
     <FROM_ROLE_XU>X</FROM_ROLE_XU>
     <TO_ROLE_XU>X</TO_ROLE_XU>
     <DESCRIPTION_XU>X</DESCRIPTION_XU>
    </_-IWBEP_-I_SBO_NP>
    <_-IWBEP_-I_SBO_NP>
     <PROJECT>ZRNDIC_MB5B_SELECT</PROJECT>
     <NODE_UUID>AFBWizboHtqNi1TMxP0gtw==</NODE_UUID>
     <NAME>SelOptProperties</NAME>
     <RELATION_GUID>AFBWizboHtqM2dmKi6rAtw==</RELATION_GUID>
     <ENTITY_GUID>AFBWizboHtqM2bu1CoLgtw==</ENTITY_GUID>
     <REF_TYPE>T</REF_TYPE>
     <FROM_ROLE_XU>X</FROM_ROLE_XU>
     <TO_ROLE_XU>X</TO_ROLE_XU>
     <DESCRIPTION_XU>X</DESCRIPTION_XU>
    </_-IWBEP_-I_SBO_NP>
    <_-IWBEP_-I_SBO_NP>
     <PROJECT>ZRNDIC_MB5B_SELECT</PROJECT>
     <NODE_UUID>AFBWizboHtqOo2M+IPcAtw==</NODE_UUID>
     <NAME>AddTable</NAME>
     <RELATION_GUID>AFBWizboHtqOo1qSZ8Jgtw==</RELATION_GUID>
     <ENTITY_GUID>AFBWizboHtqM2bu1CoLgtw==</ENTITY_GUID>
     <REF_TYPE>T</REF_TYPE>
     <FROM_ROLE_XU>X</FROM_ROLE_XU>
     <TO_ROLE_XU>X</TO_ROLE_XU>
     <DESCRIPTION_XU>X</DESCRIPTION_XU>
    </_-IWBEP_-I_SBO_NP>
    <_-IWBEP_-I_SBO_NP>
     <PROJECT>ZRNDIC_MB5B_SELECT</PROJECT>
     <NODE_UUID>AFBWizboHtqOo2UjnnsAtw==</NODE_UUID>
     <NAME>AddTableContent</NAME>
     <RELATION_GUID>AFBWizboHtqOo13ILdsAtw==</RELATION_GUID>
     <ENTITY_GUID>AFBWizboHtqOo0qwY1Fgtw==</ENTITY_GUID>
     <REF_TYPE>T</REF_TYPE>
     <FROM_ROLE_XU>X</FROM_ROLE_XU>
     <TO_ROLE_XU>X</TO_ROLE_XU>
     <DESCRIPTION_XU>X</DESCRIPTION_XU>
    </_-IWBEP_-I_SBO_NP>
   </_-IWBEP_-I_SBO_NP>
   <_-IWBEP_-I_SBO_NPT>
    <_-IWBEP_-I_SBO_NPT>
     <SYLANGU>E</SYLANGU>
     <PROJECT>ZRNDIC_MB5B_SELECT</PROJECT>
     <NODE_UUID>AFBWizboHtqM2WJMhxIgtw==</NODE_UUID>
    </_-IWBEP_-I_SBO_NPT>
    <_-IWBEP_-I_SBO_NPT>
     <SYLANGU>E</SYLANGU>
     <PROJECT>ZRNDIC_MB5B_SELECT</PROJECT>
     <NODE_UUID>AFBWizboHtqM2dEEsy/Atw==</NODE_UUID>
    </_-IWBEP_-I_SBO_NPT>
    <_-IWBEP_-I_SBO_NPT>
     <SYLANGU>E</SYLANGU>
     <PROJECT>ZRNDIC_MB5B_SELECT</PROJECT>
     <NODE_UUID>AFBWizboHtqNi1TMxP0gtw==</NODE_UUID>
    </_-IWBEP_-I_SBO_NPT>
    <_-IWBEP_-I_SBO_NPT>
     <SYLANGU>E</SYLANGU>
     <PROJECT>ZRNDIC_MB5B_SELECT</PROJECT>
     <NODE_UUID>AFBWizboHtqOo2M+IPcAtw==</NODE_UUID>
    </_-IWBEP_-I_SBO_NPT>
    <_-IWBEP_-I_SBO_NPT>
     <SYLANGU>E</SYLANGU>
     <PROJECT>ZRNDIC_MB5B_SELECT</PROJECT>
     <NODE_UUID>AFBWizboHtqOo2UjnnsAtw==</NODE_UUID>
    </_-IWBEP_-I_SBO_NPT>
   </_-IWBEP_-I_SBO_NPT>
   <_-IWBEP_-I_SBO_PR>
    <_-IWBEP_-I_SBO_PR>
     <PROJECT>ZRNDIC_MB5B_SELECT</PROJECT>
     <NODE_UUID>AFBWizboHtqM2SKNLycgtw==</NODE_UUID>
     <PARENT_UUID>AFBWizboHtqM2RdbXqbgtw==</PARENT_UUID>
     <NAME>Sign</NAME>
     <CREATABLE>X</CREATABLE>
     <FILTERABLE>X</FILTERABLE>
     <MAX_LENGTH>1</MAX_LENGTH>
     <SORTABLE>X</SORTABLE>
     <EDM_CORE_TYPE>Edm.String</EDM_CORE_TYPE>
     <UPDATABLE>X</UPDATABLE>
     <IS_NULLABLE>X</IS_NULLABLE>
     <REF_TYPE>T</REF_TYPE>
     <ABAP_FIELD>SIGN</ABAP_FIELD>
     <ABTY_XU>X</ABTY_XU>
     <SORT_ORDER>2</SORT_ORDER>
     <DESCRIPTION_XU>X</DESCRIPTION_XU>
    </_-IWBEP_-I_SBO_PR>
    <_-IWBEP_-I_SBO_PR>
     <PROJECT>ZRNDIC_MB5B_SELECT</PROJECT>
     <NODE_UUID>AFBWizboHtqM2SRU3oOgtw==</NODE_UUID>
     <PARENT_UUID>AFBWizboHtqM2RTZuDMAtw==</PARENT_UUID>
     <NAME>Property</NAME>
     <IS_KEY>X</IS_KEY>
     <CREATABLE>X</CREATABLE>
     <FILTERABLE>X</FILTERABLE>
     <SORTABLE>X</SORTABLE>
     <EDM_CORE_TYPE>Edm.String</EDM_CORE_TYPE>
     <UPDATABLE>X</UPDATABLE>
     <REF_TYPE>T</REF_TYPE>
     <ABAP_FIELD>PROPERTY</ABAP_FIELD>
     <ABTY_XU>X</ABTY_XU>
     <SORT_ORDER>1</SORT_ORDER>
     <DESCRIPTION_XU>X</DESCRIPTION_XU>
    </_-IWBEP_-I_SBO_PR>
    <_-IWBEP_-I_SBO_PR>
     <PROJECT>ZRNDIC_MB5B_SELECT</PROJECT>
     <NODE_UUID>AFBWizboHtqM2Sw5xy0gtw==</NODE_UUID>
     <PARENT_UUID>AFBWizboHtqM2RdbXqbgtw==</PARENT_UUID>
     <NAME>Option</NAME>
     <CREATABLE>X</CREATABLE>
     <FILTERABLE>X</FILTERABLE>
     <MAX_LENGTH>2</MAX_LENGTH>
     <SORTABLE>X</SORTABLE>
     <EDM_CORE_TYPE>Edm.String</EDM_CORE_TYPE>
     <UPDATABLE>X</UPDATABLE>
     <IS_NULLABLE>X</IS_NULLABLE>
     <REF_TYPE>T</REF_TYPE>
     <ABAP_FIELD>OPTION</ABAP_FIELD>
     <ABTY_XU>X</ABTY_XU>
     <SORT_ORDER>3</SORT_ORDER>
     <DESCRIPTION_XU>X</DESCRIPTION_XU>
    </_-IWBEP_-I_SBO_PR>
    <_-IWBEP_-I_SBO_PR>
     <PROJECT>ZRNDIC_MB5B_SELECT</PROJECT>
     <NODE_UUID>AFBWizboHtqM2Sw5xy1Atw==</NODE_UUID>
     <PARENT_UUID>AFBWizboHtqM2RdbXqbgtw==</PARENT_UUID>
     <NAME>Low</NAME>
     <CREATABLE>X</CREATABLE>
     <FILTERABLE>X</FILTERABLE>
     <SORTABLE>X</SORTABLE>
     <EDM_CORE_TYPE>Edm.String</EDM_CORE_TYPE>
     <UPDATABLE>X</UPDATABLE>
     <IS_NULLABLE>X</IS_NULLABLE>
     <REF_TYPE>T</REF_TYPE>
     <ABAP_FIELD>LOW</ABAP_FIELD>
     <ABTY_XU>X</ABTY_XU>
     <SORT_ORDER>4</SORT_ORDER>
     <DESCRIPTION_XU>X</DESCRIPTION_XU>
    </_-IWBEP_-I_SBO_PR>
    <_-IWBEP_-I_SBO_PR>
     <PROJECT>ZRNDIC_MB5B_SELECT</PROJECT>
     <NODE_UUID>AFBWizboHtqM2Sw5xy1gtw==</NODE_UUID>
     <PARENT_UUID>AFBWizboHtqM2RdbXqbgtw==</PARENT_UUID>
     <NAME>High</NAME>
     <CREATABLE>X</CREATABLE>
     <FILTERABLE>X</FILTERABLE>
     <SORTABLE>X</SORTABLE>
     <EDM_CORE_TYPE>Edm.String</EDM_CORE_TYPE>
     <UPDATABLE>X</UPDATABLE>
     <IS_NULLABLE>X</IS_NULLABLE>
     <REF_TYPE>T</REF_TYPE>
     <ABAP_FIELD>HIGH</ABAP_FIELD>
     <ABTY_XU>X</ABTY_XU>
     <SORT_ORDER>5</SORT_ORDER>
     <DESCRIPTION_XU>X</DESCRIPTION_XU>
    </_-IWBEP_-I_SBO_PR>
    <_-IWBEP_-I_SBO_PR>
     <PROJECT>ZRNDIC_MB5B_SELECT</PROJECT>
     <NODE_UUID>AFBWizboHtqM2TqB9RwAtw==</NODE_UUID>
     <PARENT_UUID>AFBWizboHtqM2RdbXqbgtw==</PARENT_UUID>
     <NAME>SelOptId</NAME>
     <IS_KEY>X</IS_KEY>
     <CREATABLE>X</CREATABLE>
     <FILTERABLE>X</FILTERABLE>
     <SORTABLE>X</SORTABLE>
     <EDM_CORE_TYPE>Edm.Int16</EDM_CORE_TYPE>
     <UPDATABLE>X</UPDATABLE>
     <REF_TYPE>T</REF_TYPE>
     <ABAP_FIELD>SEL_OPT_ID</ABAP_FIELD>
     <ABTY_XU>X</ABTY_XU>
     <SORT_ORDER>1</SORT_ORDER>
     <DESCRIPTION_XU>X</DESCRIPTION_XU>
    </_-IWBEP_-I_SBO_PR>
    <_-IWBEP_-I_SBO_PR>
     <PROJECT>ZRNDIC_MB5B_SELECT</PROJECT>
     <NODE_UUID>AFBWizboHtqM2b12d1cgtw==</NODE_UUID>
     <PARENT_UUID>AFBWizboHtqM2bu1CoLgtw==</PARENT_UUID>
     <NAME>SelectName</NAME>
     <IS_KEY>X</IS_KEY>
     <CREATABLE>X</CREATABLE>
     <FILTERABLE>X</FILTERABLE>
     <SORTABLE>X</SORTABLE>
     <EDM_CORE_TYPE>Edm.String</EDM_CORE_TYPE>
     <UPDATABLE>X</UPDATABLE>
     <REF_TYPE>T</REF_TYPE>
     <ABAP_FIELD>SELECT_NAME</ABAP_FIELD>
     <ABTY_XU>X</ABTY_XU>
     <SORT_ORDER>1</SORT_ORDER>
     <DESCRIPTION_XU>X</DESCRIPTION_XU>
    </_-IWBEP_-I_SBO_PR>
    <_-IWBEP_-I_SBO_PR>
     <PROJECT>ZRNDIC_MB5B_SELECT</PROJECT>
     <NODE_UUID>AFBWizboHtqM2cLHP60gtw==</NODE_UUID>
     <PARENT_UUID>AFBWizboHtqM2cCk9/2Atw==</PARENT_UUID>
     <NAME>RowId</NAME>
     <IS_KEY>X</IS_KEY>
     <CREATABLE>X</CREATABLE>
     <FILTERABLE>X</FILTERABLE>
     <SORTABLE>X</SORTABLE>
     <EDM_CORE_TYPE>Edm.Int16</EDM_CORE_TYPE>
     <UPDATABLE>X</UPDATABLE>
     <REF_TYPE>T</REF_TYPE>
     <ABAP_FIELD>ROW_ID</ABAP_FIELD>
     <ABTY_XU>X</ABTY_XU>
     <SORT_ORDER>1</SORT_ORDER>
     <DESCRIPTION_XU>X</DESCRIPTION_XU>
    </_-IWBEP_-I_SBO_PR>
    <_-IWBEP_-I_SBO_PR>
     <PROJECT>ZRNDIC_MB5B_SELECT</PROJECT>
     <NODE_UUID>AFBWizboHtqM2cLHP61Atw==</NODE_UUID>
     <PARENT_UUID>AFBWizboHtqM2cCk9/2Atw==</PARENT_UUID>
     <NAME>FieldName</NAME>
     <IS_KEY>X</IS_KEY>
     <CREATABLE>X</CREATABLE>
     <FILTERABLE>X</FILTERABLE>
     <SORTABLE>X</SORTABLE>
     <EDM_CORE_TYPE>Edm.String</EDM_CORE_TYPE>
     <UPDATABLE>X</UPDATABLE>
     <REF_TYPE>T</REF_TYPE>
     <ABAP_FIELD>FIELD_NAME</ABAP_FIELD>
     <ABTY_XU>X</ABTY_XU>
     <SORT_ORDER>2</SORT_ORDER>
     <DESCRIPTION_XU>X</DESCRIPTION_XU>
    </_-IWBEP_-I_SBO_PR>
    <_-IWBEP_-I_SBO_PR>
     <PROJECT>ZRNDIC_MB5B_SELECT</PROJECT>
     <NODE_UUID>AFBWizboHtqM2cLHP61gtw==</NODE_UUID>
     <PARENT_UUID>AFBWizboHtqM2cCk9/2Atw==</PARENT_UUID>
     <NAME>FieldValue</NAME>
     <CREATABLE>X</CREATABLE>
     <FILTERABLE>X</FILTERABLE>
     <SORTABLE>X</SORTABLE>
     <EDM_CORE_TYPE>Edm.String</EDM_CORE_TYPE>
     <UPDATABLE>X</UPDATABLE>
     <IS_NULLABLE>X</IS_NULLABLE>
     <REF_TYPE>T</REF_TYPE>
     <ABAP_FIELD>FIELD_VALUE</ABAP_FIELD>
     <ABTY_XU>X</ABTY_XU>
     <SORT_ORDER>3</SORT_ORDER>
     <DESCRIPTION_XU>X</DESCRIPTION_XU>
    </_-IWBEP_-I_SBO_PR>
    <_-IWBEP_-I_SBO_PR>
     <PROJECT>ZRNDIC_MB5B_SELECT</PROJECT>
     <NODE_UUID>AFBWizboHtqNi55k4TIAtw==</NODE_UUID>
     <PARENT_UUID>AFBWizboHtqM2bu1CoLgtw==</PARENT_UUID>
     <NAME>Skip</NAME>
     <CREATABLE>X</CREATABLE>
     <FILTERABLE>X</FILTERABLE>
     <SORTABLE>X</SORTABLE>
     <EDM_CORE_TYPE>Edm.Int16</EDM_CORE_TYPE>
     <UPDATABLE>X</UPDATABLE>
     <IS_NULLABLE>X</IS_NULLABLE>
     <REF_TYPE>T</REF_TYPE>
     <ABAP_FIELD>SKIP</ABAP_FIELD>
     <ABTY_XU>X</ABTY_XU>
     <SORT_ORDER>2</SORT_ORDER>
     <DESCRIPTION_XU>X</DESCRIPTION_XU>
    </_-IWBEP_-I_SBO_PR>
    <_-IWBEP_-I_SBO_PR>
     <PROJECT>ZRNDIC_MB5B_SELECT</PROJECT>
     <NODE_UUID>AFBWizboHtqNi55k4TIgtw==</NODE_UUID>
     <PARENT_UUID>AFBWizboHtqM2bu1CoLgtw==</PARENT_UUID>
     <NAME>Top</NAME>
     <CREATABLE>X</CREATABLE>
     <FILTERABLE>X</FILTERABLE>
     <SORTABLE>X</SORTABLE>
     <EDM_CORE_TYPE>Edm.Int16</EDM_CORE_TYPE>
     <UPDATABLE>X</UPDATABLE>
     <IS_NULLABLE>X</IS_NULLABLE>
     <REF_TYPE>T</REF_TYPE>
     <ABAP_FIELD>TOP</ABAP_FIELD>
     <ABTY_XU>X</ABTY_XU>
     <SORT_ORDER>3</SORT_ORDER>
     <DESCRIPTION_XU>X</DESCRIPTION_XU>
    </_-IWBEP_-I_SBO_PR>
    <_-IWBEP_-I_SBO_PR>
     <PROJECT>ZRNDIC_MB5B_SELECT</PROJECT>
     <NODE_UUID>AFBWizboHtqNwGjUCAkgtw==</NODE_UUID>
     <PARENT_UUID>AFBWizboHtqM2bu1CoLgtw==</PARENT_UUID>
     <NAME>DbConnection</NAME>
     <CREATABLE>X</CREATABLE>
     <FILTERABLE>X</FILTERABLE>
     <SORTABLE>X</SORTABLE>
     <EDM_CORE_TYPE>Edm.String</EDM_CORE_TYPE>
     <UPDATABLE>X</UPDATABLE>
     <IS_NULLABLE>X</IS_NULLABLE>
     <REF_TYPE>T</REF_TYPE>
     <ABAP_FIELD>DB_CONNECTION</ABAP_FIELD>
     <ABTY_XU>X</ABTY_XU>
     <SORT_ORDER>4</SORT_ORDER>
     <DESCRIPTION_XU>X</DESCRIPTION_XU>
    </_-IWBEP_-I_SBO_PR>
    <_-IWBEP_-I_SBO_PR>
     <PROJECT>ZRNDIC_MB5B_SELECT</PROJECT>
     <NODE_UUID>AFBWizboHtqOo0/xGQqgtw==</NODE_UUID>
     <PARENT_UUID>AFBWizboHtqOo0qwY1Fgtw==</PARENT_UUID>
     <NAME>TableName</NAME>
     <IS_KEY>X</IS_KEY>
     <CREATABLE>X</CREATABLE>
     <FILTERABLE>X</FILTERABLE>
     <SORTABLE>X</SORTABLE>
     <EDM_CORE_TYPE>Edm.String</EDM_CORE_TYPE>
     <UPDATABLE>X</UPDATABLE>
     <REF_TYPE>T</REF_TYPE>
     <ABAP_FIELD>TABLE_NAME</ABAP_FIELD>
     <ABTY_XU>X</ABTY_XU>
     <SORT_ORDER>1</SORT_ORDER>
     <DESCRIPTION_XU>X</DESCRIPTION_XU>
    </_-IWBEP_-I_SBO_PR>
    <_-IWBEP_-I_SBO_PR>
     <PROJECT>ZRNDIC_MB5B_SELECT</PROJECT>
     <NODE_UUID>AFBWizboHtqOo1dyflpgtw==</NODE_UUID>
     <PARENT_UUID>AFBWizboHtqOo0wO3wNAtw==</PARENT_UUID>
     <NAME>RowId</NAME>
     <IS_KEY>X</IS_KEY>
     <CREATABLE>X</CREATABLE>
     <FILTERABLE>X</FILTERABLE>
     <SORTABLE>X</SORTABLE>
     <EDM_CORE_TYPE>Edm.Int16</EDM_CORE_TYPE>
     <UPDATABLE>X</UPDATABLE>
     <REF_TYPE>T</REF_TYPE>
     <ABAP_FIELD>ROW_ID</ABAP_FIELD>
     <ABTY_XU>X</ABTY_XU>
     <SORT_ORDER>1</SORT_ORDER>
     <DESCRIPTION_XU>X</DESCRIPTION_XU>
    </_-IWBEP_-I_SBO_PR>
    <_-IWBEP_-I_SBO_PR>
     <PROJECT>ZRNDIC_MB5B_SELECT</PROJECT>
     <NODE_UUID>AFBWizboHtqOo1dyflqAtw==</NODE_UUID>
     <PARENT_UUID>AFBWizboHtqOo0wO3wNAtw==</PARENT_UUID>
     <NAME>FieldName</NAME>
     <IS_KEY>X</IS_KEY>
     <CREATABLE>X</CREATABLE>
     <FILTERABLE>X</FILTERABLE>
     <SORTABLE>X</SORTABLE>
     <EDM_CORE_TYPE>Edm.String</EDM_CORE_TYPE>
     <UPDATABLE>X</UPDATABLE>
     <REF_TYPE>T</REF_TYPE>
     <ABAP_FIELD>FIELD_NAME</ABAP_FIELD>
     <ABTY_XU>X</ABTY_XU>
     <SORT_ORDER>2</SORT_ORDER>
     <DESCRIPTION_XU>X</DESCRIPTION_XU>
    </_-IWBEP_-I_SBO_PR>
    <_-IWBEP_-I_SBO_PR>
     <PROJECT>ZRNDIC_MB5B_SELECT</PROJECT>
     <NODE_UUID>AFBWizboHtqOo1dyflqgtw==</NODE_UUID>
     <PARENT_UUID>AFBWizboHtqOo0wO3wNAtw==</PARENT_UUID>
     <NAME>FieldValue</NAME>
     <CREATABLE>X</CREATABLE>
     <FILTERABLE>X</FILTERABLE>
     <SORTABLE>X</SORTABLE>
     <EDM_CORE_TYPE>Edm.String</EDM_CORE_TYPE>
     <UPDATABLE>X</UPDATABLE>
     <IS_NULLABLE>X</IS_NULLABLE>
     <REF_TYPE>T</REF_TYPE>
     <ABAP_FIELD>FIELD_VALUE</ABAP_FIELD>
     <ABTY_XU>X</ABTY_XU>
     <SORT_ORDER>3</SORT_ORDER>
     <DESCRIPTION_XU>X</DESCRIPTION_XU>
    </_-IWBEP_-I_SBO_PR>
   </_-IWBEP_-I_SBO_PR>
   <_-IWBEP_-I_SBO_PRT>
    <_-IWBEP_-I_SBO_PRT>
     <SYLANGU>E</SYLANGU>
     <PROJECT>ZRNDIC_MB5B_SELECT</PROJECT>
     <NODE_UUID>AFBWizboHtqM2SKNLycgtw==</NODE_UUID>
    </_-IWBEP_-I_SBO_PRT>
    <_-IWBEP_-I_SBO_PRT>
     <SYLANGU>E</SYLANGU>
     <PROJECT>ZRNDIC_MB5B_SELECT</PROJECT>
     <NODE_UUID>AFBWizboHtqM2SRU3oOgtw==</NODE_UUID>
    </_-IWBEP_-I_SBO_PRT>
    <_-IWBEP_-I_SBO_PRT>
     <SYLANGU>E</SYLANGU>
     <PROJECT>ZRNDIC_MB5B_SELECT</PROJECT>
     <NODE_UUID>AFBWizboHtqM2Sw5xy0gtw==</NODE_UUID>
    </_-IWBEP_-I_SBO_PRT>
    <_-IWBEP_-I_SBO_PRT>
     <SYLANGU>E</SYLANGU>
     <PROJECT>ZRNDIC_MB5B_SELECT</PROJECT>
     <NODE_UUID>AFBWizboHtqM2Sw5xy1Atw==</NODE_UUID>
    </_-IWBEP_-I_SBO_PRT>
    <_-IWBEP_-I_SBO_PRT>
     <SYLANGU>E</SYLANGU>
     <PROJECT>ZRNDIC_MB5B_SELECT</PROJECT>
     <NODE_UUID>AFBWizboHtqM2Sw5xy1gtw==</NODE_UUID>
    </_-IWBEP_-I_SBO_PRT>
    <_-IWBEP_-I_SBO_PRT>
     <SYLANGU>E</SYLANGU>
     <PROJECT>ZRNDIC_MB5B_SELECT</PROJECT>
     <NODE_UUID>AFBWizboHtqM2TqB9RwAtw==</NODE_UUID>
    </_-IWBEP_-I_SBO_PRT>
    <_-IWBEP_-I_SBO_PRT>
     <SYLANGU>E</SYLANGU>
     <PROJECT>ZRNDIC_MB5B_SELECT</PROJECT>
     <NODE_UUID>AFBWizboHtqM2b12d1cgtw==</NODE_UUID>
    </_-IWBEP_-I_SBO_PRT>
    <_-IWBEP_-I_SBO_PRT>
     <SYLANGU>E</SYLANGU>
     <PROJECT>ZRNDIC_MB5B_SELECT</PROJECT>
     <NODE_UUID>AFBWizboHtqM2cLHP60gtw==</NODE_UUID>
    </_-IWBEP_-I_SBO_PRT>
    <_-IWBEP_-I_SBO_PRT>
     <SYLANGU>E</SYLANGU>
     <PROJECT>ZRNDIC_MB5B_SELECT</PROJECT>
     <NODE_UUID>AFBWizboHtqM2cLHP61Atw==</NODE_UUID>
    </_-IWBEP_-I_SBO_PRT>
    <_-IWBEP_-I_SBO_PRT>
     <SYLANGU>E</SYLANGU>
     <PROJECT>ZRNDIC_MB5B_SELECT</PROJECT>
     <NODE_UUID>AFBWizboHtqM2cLHP61gtw==</NODE_UUID>
    </_-IWBEP_-I_SBO_PRT>
    <_-IWBEP_-I_SBO_PRT>
     <SYLANGU>E</SYLANGU>
     <PROJECT>ZRNDIC_MB5B_SELECT</PROJECT>
     <NODE_UUID>AFBWizboHtqNi55k4TIAtw==</NODE_UUID>
    </_-IWBEP_-I_SBO_PRT>
    <_-IWBEP_-I_SBO_PRT>
     <SYLANGU>E</SYLANGU>
     <PROJECT>ZRNDIC_MB5B_SELECT</PROJECT>
     <NODE_UUID>AFBWizboHtqNi55k4TIgtw==</NODE_UUID>
    </_-IWBEP_-I_SBO_PRT>
    <_-IWBEP_-I_SBO_PRT>
     <SYLANGU>E</SYLANGU>
     <PROJECT>ZRNDIC_MB5B_SELECT</PROJECT>
     <NODE_UUID>AFBWizboHtqNwGjUCAkgtw==</NODE_UUID>
    </_-IWBEP_-I_SBO_PRT>
    <_-IWBEP_-I_SBO_PRT>
     <SYLANGU>E</SYLANGU>
     <PROJECT>ZRNDIC_MB5B_SELECT</PROJECT>
     <NODE_UUID>AFBWizboHtqOo0/xGQqgtw==</NODE_UUID>
    </_-IWBEP_-I_SBO_PRT>
    <_-IWBEP_-I_SBO_PRT>
     <SYLANGU>E</SYLANGU>
     <PROJECT>ZRNDIC_MB5B_SELECT</PROJECT>
     <NODE_UUID>AFBWizboHtqOo1dyflpgtw==</NODE_UUID>
    </_-IWBEP_-I_SBO_PRT>
    <_-IWBEP_-I_SBO_PRT>
     <SYLANGU>E</SYLANGU>
     <PROJECT>ZRNDIC_MB5B_SELECT</PROJECT>
     <NODE_UUID>AFBWizboHtqOo1dyflqAtw==</NODE_UUID>
    </_-IWBEP_-I_SBO_PRT>
    <_-IWBEP_-I_SBO_PRT>
     <SYLANGU>E</SYLANGU>
     <PROJECT>ZRNDIC_MB5B_SELECT</PROJECT>
     <NODE_UUID>AFBWizboHtqOo1dyflqgtw==</NODE_UUID>
    </_-IWBEP_-I_SBO_PRT>
   </_-IWBEP_-I_SBO_PRT>
  </asx:values>
 </asx:abap>
</abapGit>
