﻿<?xml version="1.0" encoding="utf-8"?>
<abapGit version="v1.0.0" serializer="LCL_OBJECT_TABL" serializer_version="v1.0.0">
 <asx:abap xmlns:asx="http://www.sap.com/abapxml" version="1.0">
  <asx:values>
   <DD02V>
    <TABNAME>ZSELECT_GENERIC_UI_S</TABNAME>
    <DDLANGUAGE>E</DDLANGUAGE>
    <TABCLASS>INTTAB</TABCLASS>
    <DDTEXT>Generic select UI structure</DDTEXT>
   </DD02V>
   <DD03P_TABLE>
    <DD03P>
     <TABNAME>ZSELECT_GENERIC_UI_S</TABNAME>
     <FIELDNAME>TABLE_NAME</FIELDNAME>
     <POSITION>0001</POSITION>
     <ROLLNAME>TABNAME</ROLLNAME>
     <ADMINFIELD>0</ADMINFIELD>
     <COMPTYPE>E</COMPTYPE>
    </DD03P>
    <DD03P>
     <TABNAME>ZSELECT_GENERIC_UI_S</TABNAME>
     <FIELDNAME>FIELD_LIST</FIELDNAME>
     <DDLANGUAGE>E</DDLANGUAGE>
     <POSITION>0002</POSITION>
     <ADMINFIELD>0</ADMINFIELD>
     <INTTYPE>g</INTTYPE>
     <INTLEN>000008</INTLEN>
     <DATATYPE>STRG</DATATYPE>
     <MASK>  STRG</MASK>
     <DDTEXT>Field list</DDTEXT>
    </DD03P>
    <DD03P>
     <TABNAME>ZSELECT_GENERIC_UI_S</TABNAME>
     <FIELDNAME>WHERE_CONDITION</FIELDNAME>
     <DDLANGUAGE>E</DDLANGUAGE>
     <POSITION>0003</POSITION>
     <ADMINFIELD>0</ADMINFIELD>
     <INTTYPE>g</INTTYPE>
     <INTLEN>000008</INTLEN>
     <DATATYPE>STRG</DATATYPE>
     <MASK>  STRG</MASK>
     <DDTEXT>Where condition</DDTEXT>
    </DD03P>
    <DD03P>
     <TABNAME>ZSELECT_GENERIC_UI_S</TABNAME>
     <FIELDNAME>PACKAGE_SIZE</FIELDNAME>
     <DDLANGUAGE>E</DDLANGUAGE>
     <POSITION>0004</POSITION>
     <ADMINFIELD>0</ADMINFIELD>
     <INTTYPE>X</INTTYPE>
     <INTLEN>000004</INTLEN>
     <DATATYPE>INT4</DATATYPE>
     <LENG>000010</LENG>
     <MASK>  INT4</MASK>
     <DDTEXT>Up to N rows</DDTEXT>
    </DD03P>
    <DD03P>
     <TABNAME>ZSELECT_GENERIC_UI_S</TABNAME>
     <FIELDNAME>ROW_ID</FIELDNAME>
     <DDLANGUAGE>E</DDLANGUAGE>
     <POSITION>0005</POSITION>
     <ADMINFIELD>0</ADMINFIELD>
     <INTTYPE>X</INTTYPE>
     <INTLEN>000004</INTLEN>
     <DATATYPE>INT4</DATATYPE>
     <LENG>000010</LENG>
     <MASK>  INT4</MASK>
     <DDTEXT>Row ID</DDTEXT>
    </DD03P>
    <DD03P>
     <TABNAME>ZSELECT_GENERIC_UI_S</TABNAME>
     <FIELDNAME>FIELD_NAME</FIELDNAME>
     <POSITION>0006</POSITION>
     <ROLLNAME>FIELDNAME</ROLLNAME>
     <ADMINFIELD>0</ADMINFIELD>
     <COMPTYPE>E</COMPTYPE>
    </DD03P>
    <DD03P>
     <TABNAME>ZSELECT_GENERIC_UI_S</TABNAME>
     <FIELDNAME>FIELD_VALUE</FIELDNAME>
     <DDLANGUAGE>E</DDLANGUAGE>
     <POSITION>0007</POSITION>
     <ADMINFIELD>0</ADMINFIELD>
     <INTTYPE>g</INTTYPE>
     <INTLEN>000008</INTLEN>
     <DATATYPE>STRG</DATATYPE>
     <MASK>  STRG</MASK>
     <DDTEXT>Field value</DDTEXT>
    </DD03P>
    <DD03P>
     <TABNAME>ZSELECT_GENERIC_UI_S</TABNAME>
     <FIELDNAME>DB_CONNECTION</FIELDNAME>
     <DDLANGUAGE>E</DDLANGUAGE>
     <POSITION>0008</POSITION>
     <ADMINFIELD>0</ADMINFIELD>
     <INTTYPE>g</INTTYPE>
     <INTLEN>000008</INTLEN>
     <DATATYPE>STRG</DATATYPE>
     <MASK>  STRG</MASK>
     <DDTEXT>DB connection</DDTEXT>
    </DD03P>
    <DD03P>
     <TABNAME>ZSELECT_GENERIC_UI_S</TABNAME>
     <FIELDNAME>DISTICNCT</FIELDNAME>
     <POSITION>0009</POSITION>
     <ROLLNAME>BOOLE_D</ROLLNAME>
     <ADMINFIELD>0</ADMINFIELD>
     <VALEXI>X</VALEXI>
     <SHLPORIGIN>F</SHLPORIGIN>
     <COMPTYPE>E</COMPTYPE>
    </DD03P>
   </DD03P_TABLE>
  </asx:values>
 </asx:abap>
</abapGit>
