﻿<?xml version="1.0" encoding="utf-8"?>
<abapGit version="v1.0.0" serializer="LCL_OBJECT_TABL" serializer_version="v1.0.0">
 <asx:abap xmlns:asx="http://www.sap.com/abapxml" version="1.0">
  <asx:values>
   <DD02V>
    <TABNAME>ZSELECT_GENERIC_NAME_VALUE_S</TABNAME>
    <DDLANGUAGE>E</DDLANGUAGE>
    <TABCLASS>INTTAB</TABCLASS>
    <DDTEXT>Field name value structure</DDTEXT>
   </DD02V>
   <DD03P_TABLE>
    <DD03P>
     <TABNAME>ZSELECT_GENERIC_NAME_VALUE_S</TABNAME>
     <FIELDNAME>ROW_ID</FIELDNAME>
     <DDLANGUAGE>E</DDLANGUAGE>
     <POSITION>0001</POSITION>
     <ADMINFIELD>0</ADMINFIELD>
     <INTTYPE>X</INTTYPE>
     <INTLEN>000004</INTLEN>
     <DATATYPE>INT4</DATATYPE>
     <LENG>000010</LENG>
     <MASK>  INT4</MASK>
     <DDTEXT>Row id</DDTEXT>
    </DD03P>
    <DD03P>
     <TABNAME>ZSELECT_GENERIC_NAME_VALUE_S</TABNAME>
     <FIELDNAME>STRUCTURE_NAME</FIELDNAME>
     <DDLANGUAGE>E</DDLANGUAGE>
     <POSITION>0002</POSITION>
     <ADMINFIELD>0</ADMINFIELD>
     <INTTYPE>g</INTTYPE>
     <INTLEN>000008</INTLEN>
     <DATATYPE>STRG</DATATYPE>
     <MASK>  STRG</MASK>
     <DDTEXT>Structure name</DDTEXT>
    </DD03P>
    <DD03P>
     <TABNAME>ZSELECT_GENERIC_NAME_VALUE_S</TABNAME>
     <FIELDNAME>FIELD_NAME</FIELDNAME>
     <POSITION>0003</POSITION>
     <ROLLNAME>FIELDNAME</ROLLNAME>
     <ADMINFIELD>0</ADMINFIELD>
     <COMPTYPE>E</COMPTYPE>
    </DD03P>
    <DD03P>
     <TABNAME>ZSELECT_GENERIC_NAME_VALUE_S</TABNAME>
     <FIELDNAME>FIELD_VALUE</FIELDNAME>
     <DDLANGUAGE>E</DDLANGUAGE>
     <POSITION>0004</POSITION>
     <ADMINFIELD>0</ADMINFIELD>
     <INTTYPE>g</INTTYPE>
     <INTLEN>000008</INTLEN>
     <DATATYPE>STRG</DATATYPE>
     <MASK>  STRG</MASK>
     <DDTEXT>row value</DDTEXT>
    </DD03P>
   </DD03P_TABLE>
  </asx:values>
 </asx:abap>
</abapGit>
